movie_name,review_id,review_text,rating,display_name,initials,is_verified,is_super_reviewer,has_spoilers,has_profanity,create_date,audience_score,user_id,helpful_count,not_helpful_count
iron_man,e384c8d4-1306-49ef-b99b-2b0de7d953ab,"The movie that started the MCU.  Still a great movie to this day, mainly thanks to Robert Downey Jr charisma that frankly I don't think anyone could top.  The action scenes as Iron Man aren't quite as cool as in the sequels and the avengers, but it was a start, so you can forgive it a little.",STAR_4_5,Jorge A,JA,False,False,False,False,2026-04-10T02:35:25.503Z,,6xMi29sv1h4nhE2UYwU6nSeNS33cYAiWjsAbSjAH22cWQt53szxcVzhmmcOjuVzU9mI3jIggcb7SPxcoxSEJFKvCB7ikvs6Lcd4sRnSpJcBG,,
iron_man,6abbff46-14b8-41ea-97d9-b9ca726bea32,Phenomenal origin story and character development of Tony stark from being a money hungry careless billionaire to becoming a real hero. The betrayal of Obadiah is a great story that builds and shocks audiences. Overall a great movie and the best way to kick off the MCU.,STAR_4,Weston A.,WA,False,False,False,False,2026-04-06T17:27:46.099Z,,GeVsNKubEIkmS7LFA5HnMu5PuNNcGdtWXsVOsBoUaacWztdjU7nujncXXcx8FaVSLJf1GUAAcVKtdPu4Pt2zsOVU4RcYNu4kHv6IGoSe1ubE,,
iron_man,3f82ef0d-46aa-4069-89e2-1d00c4b7d562,Pretty good story I felt like it was well paced and I love the character as I’m watching the timeline for the first time,STAR_4,Morgan L.,ML,False,False,False,False,2026-04-06T13:56:11.435Z,,oo1h1RheNH8au0gCDQs4RFo6UPPcaWSxLH95FWVummc7Xt1BsVPuOXfYYcYKFvDfg3hwgFbbc2quLbF6dFYwcL8uXPspjhkeHD9FXWtEahMd,,
iron_man,547cf7fe-5367-4fe0-9afb-70dd3f71fb3d,Amazing movie showing Tony starks arrogance in a perfect manor and the twist of Obidah stane being a villian is great the final fight left something to be desired but an almost perfect origin story I highly recommend it,STAR_4_5,John F,JF,False,False,False,False,2026-04-03T12:11:54.811Z,,49mtGYuv9uDXFnBuWJtQJUNGcoocBOHAVfdOIO7uNNc13tDKU1VS5KFNNcYvFvKUw6FDkI66cKxhYJf2ASvOuKeFY1tP4H7ds43hNzs7BH94,,
iron_man,7a66abe8-95aa-4e8c-b611-b16f3589424f,"RDJ perfomance as Tony Stark was impecable. Loved the arrogant, annoying multimillionaire on screens. The fight scenes were PACKED in action, and not to say about the stunning visual effects. I heard this movie was a huge gamble from MCU to run from bankruptcy, and oh boy, that was the best gamble they could ever do.",STAR_5,Guilherme M,GM,False,False,False,False,2026-04-02T21:28:20.662Z,,wkbHPAU8pCaQFxJFYVIOeu4WhEEcqQFXwS7WUEpi66cpVtRKCOjsakHLLckqud7FgKtYdFPPcqDI3mfLgu9BivLCoGc8NhPwsBOhmquxjH58,,
iron_man,a8689ce5-dfe3-4f39-a50d-11cbcacc617f,Tony stark was able to build this shi in a cave.,STAR_5,Intellectual G.,IG,False,False,False,False,2026-04-01T03:31:08.707Z,,jWatWnU7WIeKuEpfQbI12sknhvvcKoHm5uO0HNMUVVcG4tmYiJ4f3JTAAcBvHXGsALhbKf33cXQIO7U7piApH3zhB7sKGcLVFdOFk8IgGI74,,
iron_man,8b646efa-ab91-4fe9-8683-54da342fbf94,"Reviewed 5/14/2022

Well, I'm glad to see that Marvel's Cinematic Universe hit the ground running. The main character has a very clear and well thought out arc, and Obadiah Stane is well... Obadiah Stane. I think the plot twist of him selling weapons to the terrorists so that they can kill Tony Stark so that he can rule the company is a bit convoluted, though there have been worse villain ploys. His reveal as being evil feels like an afterthought, the rest of the movie works so well and then suddenly Stane is a bad guy. That's really my only complaint about the movie. If it had a better villain and a more coherent way if revealing said villain, it'd be higher up. The rest of the film is still incredible.",STAR_4_5,Jacob L.,JL,False,False,False,False,2026-04-01T02:08:24.431Z,,xjkUvBtGjtXzh9BsdYFoMSLBhEEc4gUaghXRcV6sLLc6qt8pFoguDJhjjcKNiKLfXqixkt22cgWh7asgEIkaSJ7UMGSkYh3MFdESvBFAzf1g,,
iron_man,edd16b20-be97-4287-bc93-808aef1b5ee7,I am just starting the MCU series and this is a great initial movie of this big chain of films. The concept of this movie is unimaginable.,STAR_4_5,yanzi S,YS,False,False,False,False,2026-03-22T20:25:41.875Z,,ngOce2IvkFOEFLvU0LF6wH1mHzzc3BtW4tgjsoNt77cvAt2ASogCMWsbbcpNhnzuPzu8bteecW5CYQUmNF25sqYsa5snVhzvuB5uBMFEmFgx,,
iron_man,3667826e-f1c7-4ccf-803f-d69e94f8f028,"Iron Man Review
It’s hard to believe that this movie started the MCU all those years ago. But after rewatching it, it’s obvious how this movie spawned the MCU. This movie is great! This is helped by Robert Downey Jr.’s great performance. It’s been said a million times but it’s still true: RDJ was born to play Tony Stark! I love how we see Tony grow from an arrogant playboy to an actual hero with great intentions. The armor is also great in this movie. We are at a stage in the MCU that’s pre-nanotech, which makes it more believable. The armor is more raw and believable because we see each piece slide and come together, whereas the nanotech borderlines magic. I also think that Obadiah Stane is an alright villain. He’s not like a top 10 MCU villain, but he’s pretty good for this movie. I also love the action scenes. The scene where he breaks out of the cave, the final Iron Man vs. Iron Monger fight, they’re all great! Overall, this is an amazing movie that is a great MCU kickoff!",STAR_4,Bret M.,BM,False,False,False,False,2026-03-22T11:42:35.661Z,,JzkfG9SW9HPpUBDFkGu1VfdWI77cRMtVAcBJFNPfNNcRetbVhM6f8YFDDckwuwQh5qSjdI33cQRsgVF76Cw2C7ES63HV5HQEsN7I39u6wHQ8,,
iron_man,9f4c2144-44ee-45a7-a034-4dbd09db828b,probabaly the best movie of it's time,STAR_4_5,Rakesh Y,RY,False,False,False,False,2026-03-20T06:54:13.063Z,,XjOFdoCgxuXwUV8IW2Sp3sGJSVVcoxtMRtx6SMPFOOcNotoNsRXuvVIeecdLF7MFdaHzPI11c8Qi7NIARsxQFpWFgdIqpIQ4HJ8F7RFkphpa,,
iron_man,2f5c61a4-e6f0-493c-bd67-90a324e76d05,Iron man is my favorite movie!,STAR_5,Noah R,NR,False,False,False,False,2026-03-16T16:02:15.743Z,,vg0hqVsR4fEzHvKiJPUGbFKDTQQceDtq0FkKHEmIggcjDteaCxEUV9hnncMohbLhdXFAVFeecO2IN8FBxUkxupehXxiAPibeUpBUkEcnzhe8,,
iron_man,97a9c549-17b2-4231-a8d2-780ef7c39b71,"Iron Man is an exciting superhero film released in 2008. It stars Robert Downey Jr. as Tony Stark, a brilliant inventor and billionaire.

The plot involves Tony Stark, who is captured by terrorists while presenting new weapons. During his captivity, he builds a powerful metal suit to escape. After returning home, he decides to stop making weapons and becomes the superhero Iron Man.

The film has amazing special effects, exciting action scenes and very good acting. Robert Downey Jr. gives a memorable performance.

I would highly recommend this film, especially if you enjoy action and superhero movies.
Rating: ⭐⭐⭐⭐⭐ A must-see!",STAR_5,Елизавета Д,ED,False,False,False,False,2026-03-04T16:15:53.300Z,,oEJIn8cvoc80H0mhDXSJWt52uPPca6tx0U13tJotmmc7Xte7FvDuEXfYYcm2hGmSdjfwXubbcRpiEPH6KIYwcLXHXwh20Fv4CNei0YCEah2E,,
iron_man,4fad9529-67af-4a33-bf3d-e2cbce9836c1,"Without this movie, the others would have never been made. The best start to the Marvel universe.",STAR_5,Gini O.,GO,False,False,False,False,2026-03-01T18:46:12.449Z,,BMwI4ziNjU1VUp1twRhnBFMWIggcwRHRdSQaSj0t22caLtd1h6wueXUddc48hNOhkKHV6tJJcN3sRLhqJFXdtJnIPLC26I8QuO7txnHjdUK8,,
iron_man,7ddf50de-1e7d-4153-a53f-cf0d4b0baf70,"I love this movie so much when it came out and even today, I still believe it is the best superhero origin story.",STAR_5,Caleb B.,CB,False,False,False,False,2026-02-27T22:26:50.556Z,,9abiVDFBKs7BCnzCb8FKLcpoFnncW9h6JUw2IA6SeecY2tEgFpxs7wCQQcVKuABUv7hX7uYYcARSdVCARhAdTE4h4MukqFBGT7KuqRFMjiA1,,
iron_man,d4789d93-3ab0-47cb-82c5-cb3992f70e9d,"After a masterclass in sophisticated storytelling and direction, the last 30 minutes transition to silliness with ho-hum special effects and far-fetched hero/villain battles.  ""Iron Man"" is still a top 5 comic book movie, but it could have been the best ever.",STAR_4,rex w,RW,False,False,False,False,2026-02-23T23:51:34.959Z,,YJ2tLxtJpUEjs8NUvPCzkcqwCaacJ2sYaCnMu6zSddcNetGLFaOSR2F22cQWu3XSPYUKefVVcDmInaF32sMKhVdFLYuWduB8U8ofdMh4vt0x,,
iron_man,19bdfc98-d30b-4ac3-85b6-b7bd49cd3579,"Exciting take on an unpopular Marvel hero, Iron Man brings together well shot scenes with amazing story pacing. Very enjoyable and a highly recommended movie for superhero fans to watch. I rate it on a 4 star because despite the well shot action sequences and amazing pacing with the story, Iron Man lacks the creative twist in story telling. I believe the movie had a very good start and had what most superhero movies need which is a great origin story with amazing action scenes. But when building this final battle with the villain it seems rushed and basic. Still a very good start to the MCU and a well paced movie.",STAR_4,Zachary B.,ZB,False,False,False,False,2026-02-20T21:49:56.160Z,,2GDhJvHYMsYes3BFjBuXWFDjtWWcxEcqPh7KtzLILLcBPtO9cPbfGBuvvcPoFYbIaWcJgs44cNQFYNuaXCjEUwvfqguBouqxHKDhXRhEwUnQ,,
iron_man,def91a83-ea58-4f73-958a-69065d7ec584,Loved it was peak fire movie,STAR_4,Aizik G.,AG,False,False,False,False,2026-02-13T17:05:59.503Z,,Nj6uo2hwAfEpHkxHNLH56hd7SeecodiQbFROTBvSYYcOatDqC2Eto6fqqc9mSVvFLGt1wI99cKpF7vSWMcGaCVNuJQf75c81fmVIj0fwKuvJ,,
iron_man,eb3f7759-fd5a-4086-8e21-58f995608c5a,This is one of the best MCU movies that I've watched.,STAR_5,Alexander,A,False,False,False,False,2026-02-03T21:42:06.360Z,,A4Wc0BTXof29iBnfbgiWPIOzH88cKGsDOtYGtOKHkkcWmtOdImxtqYUKKcYbFpAuDVIpgSggc9KhgGCzNcg7h3mUPWhX1FG3U4JCdYfY4HK8,,
iron_man,b3385844-8c05-4979-aa09-5d747a6f7a9c,Great start to the MCU,STAR_4,Braydon B.,BB,False,False,False,False,2026-01-28T19:42:31.326Z,,39wIEVFw8fPJHaJUYWIARHa6hwwcA5Ud7SX6FYwh88c1OtbkFjQuk6fQQc1zCbxCoGhvKCOOcK9cw9SXYhdVsbGUmoi8xhV0hgacDah5XFqo,,
iron_man,0391b7ee-0c06-4740-99b9-dbc6cac97b3d,Master class origin story,STAR_5,Matthew W.,MW,False,False,False,False,2026-01-26T05:01:19.644Z,,wDziVRhbwSaBhMvuYvtVRs4YtEEcqGfP8f7MuVvI66cpVtWaIvjhabILLck6FMXfWMhYdFPPcq4h3OSqjS5DHMqIoxu0EFPOuQauPXsxaU53,,
iron_man,7d8d7e5c-2dbf-4bd6-8d99-27a791e7756b,"La cantidad de veces que he visto y que podría ver esta película es impresionante. Es buenísima, tiene todo lo bueno, acción y personalidad. Tony tiene un buen desarrollo durante la trama y deseas ver más de él y Pepper. Simplemente te cae bien. Por otro lado, la discografía de esta película es exquisita; AC/DC se convierte en parte del personaje de Iron Man, tanto que cuando luego escuchas a la banda, piensas en la película. Ni una queja, 10/10. Creo que este es uno de los pocos personajes a los que deseo que nunca les hagan un reboot; no sé si exista otro actor que caracterice tan bien a Stark. Como dijo Stan Lee: ""Veo a Robert Downey Jr. y siento que estoy hablando con el Tony Stark que yo mismo escribí"".",STAR_5,luciana v,LV,False,False,False,False,2026-01-23T19:23:26.124Z,,MnwsdbhLMf4PcNVTGJtawua8IwwcpAS4zSPYS3DtGGcEWtpBugbueNFEEcz2u6ASBKH2GCKKcEKIbAIBeT9jFX1c6Kfmof9vHWzUN5tGeIo2,,
iron_man,66d8cd78-7da3-4e9e-ac17-173a3c82f2e2,"(Road to Doomsday pt. 1)

The movie that started it all. Iron Man is absolutely one of my favorite Marvel movies of all time, and this rewatch only helped confirm that. It’s such a grounded, relatively simple story. It never feels weighed down by other parts of the MCU (because there were no other parts at the time), and it does just the right amount of setup for future films. Downey is undeniably charismatic right from his first outing, and I actually think Jeff Bridges was solid as the villain here. Overall, it’s a great introduction to one of—if not the—most iconic movie franchises of all time.",STAR_4_5,Ray C,RC,False,False,False,False,2026-01-23T18:33:02.854Z,,jWqfzNF72tNqu4gF71t1vSk4uvvcvXimAhjwhNAIVVcG4toksvEt3JTAAcBKuXMUPotpkC33cNYhOWu9qhAoI3zhBwSe6ULnUoAuk8Igqs7x,,
iron_man,3991b69e-3d45-4671-8c63-41c2a54ed613,"Iron Man, one heck of a movie, this movie starting the MCU. Perfect. Robert Downey Jr does great in this movie as Tony Stark a.k.a Playboy a.k.a Iron Man. The visuals are so good. Awesome performances, great acting. The soundtrack is one of the best movie soundtracks ever. Overall, I give Iron Man a 10/10 or a 5/5 stars.",STAR_5,Enrique R,ER,False,False,False,False,2026-01-21T00:34:40.066Z,,396FEVFwXIP6fOPCYwuA9cWwUwwcAdFKoHMBsJaH88c1OtxEiLRIkPUQQceJh2ktoqSaRhOOcnQsJpuX1FbPhboFmoi82CYjFgRCDjF09Hqz,,
iron_man,5c4f0c9b-f3a2-4ef0-8064-7073141f6d7f,"What else can be said? The action sequences have aged like fine wine, Tony's arc is one of the best in the MCU, and makes use of comic book film formulas to thrilling effect. The first is always the best.

8/10",STAR_4,Benjamin S,BS,False,False,False,False,2026-01-20T01:49:22.662Z,,oobcn2Fe2FX0ujNiDvu4DH53tPPcJ2FxOt9LuWVummc7Xt1YIvecERHYYcYKFvmud2tMVIbbc2quEKFWghYxu7KTkwcpwuvGiDkfX7se7uMY,,
iron_man,653c1b6c-9f2d-4d8a-8837-3791085fc53f,One of the best Marvel movies! This is a must-see!,STAR_5,Benjamin R,BR,False,False,False,False,2026-01-17T17:50:29.561Z,,8J9SVps6GSeKtMPfJxFjouRaH77cJGiw3F3dhGRfxxcAKtGXCk0FD7cEEcnbup5hb5fLwsQQcExIg8sbqcaLHmxHv4soXh8JhxNuWzFoDfdb,,
iron_man,24c5ad6e-901e-4bf3-b07b-22193f2e28ba,"This is a great movie, I think it’s a little too graphic for some scenes of the movie but it still is an awesome film.",STAR_5,Declan D.,DD,False,False,False,False,2026-01-17T15:16:21.975Z,,2qRIJohQeI0bF8xHjwF2PFDjtWWcjVF0xFDxTzdhLLcBPtDwUN8iGnhvvcPoF8gSaBuMQh44cNQFY1ha7ijpfwQhQBuLDFqLtKVsdYFNBiqm,,
iron_man,dca59cea-eab7-445d-be45-14dd27b86ff1,When i first whatched it i was so hyped. i think it is overrated but still amazing movie,STAR_4,Maxym Z,MZ,False,False,False,False,2026-01-09T14:50:12.549Z,,zjGtdNf47snqhBdFBbhEPSvmukkcJkcD5s8mCVWsPPcAxtzxFebHVjUGGcXqFgkfOACJzs22cm2hjaf6atDmiYWfoECXdhNRsxLfp3h97HEx,,
iron_man,1113df4f-fb3c-4e23-8e06-116003b5db3d,Amazing iron man adaption. Downey is awesome as iron man.,STAR_5,Stephen G.,SG,False,False,False,False,2026-01-04T03:33:12.834Z,,g5pUREU9ktbYFP1i27fPzf1Gc11cpdFqbiwPhnvu66cN6tdouweUVPSbbcaMFxOF1zu1gH66c9vtXBHdPugpfVgu41H6Ei6vU0QFJeC7ptmq,,
iron_man,b4f9c839-691b-498c-bc8f-8c06a18f9406,I just watched this for the first time since I saw it in the theater back in 2008.  The first twenty minutes is a bit of a drag but it picks up after that.  17 years later it holds up pretty well.,STAR_3_5,Garry A,GA,False,False,False,False,2025-12-29T03:43:43.620Z,,394UG4HwPUPWFaJUdaud7hWdswwcVeFK1FMoUJXS88c1OtbYtLRIkVIQQc1zC2xFoMUvRcOOcnetJBFX1Fd3FbGUmnh8vfV0h28SVPI5AHAQ,,
iron_man,88a64739-0711-438d-b74e-acdd56074535,really fun origin story,STAR_4_5,Bob J,BJ,False,False,False,False,2025-12-19T23:14:42.055Z,,nJdfeEsLnUYjIL6FAeC9OU1BtzzcPDsW7HpeuoVs77cvAtOefoXhXKhbbcpNhjbHP0s8eHeecE4sYJSmEt2eInJimecnEIDjuBjcBPUEmFDA,,
iron_man,3a7e4dc2-8b77-4db4-8405-86e4543446e2,Still an amazing start to the mcu and a top 10 film all time from the mcu.,STAR_5,Andrew B,AB,False,False,False,False,2025-12-16T13:35:31.194Z,,OApU7eunai02cDgSk2uXASM3HddcPeuoOUVet0xUMMcdotMbs1kHd9CWWcERFpQSBbfdBcmmcv4im6IqmHBQsONiRJtPksLjIE6FeNcJkF86,,
iron_man,c1b80644-ee99-4df4-9898-b71aadfb3b9c,Best movie of all times,STAR_5,Pramath. S,PS,False,False,False,False,2025-12-13T16:07:14.991Z,,kAzIN8FxqFxYHz1tvJIO4faRc11cAEHBDfRpsV1uMMcPvtBpUYNh0RIOOcWEFxBtqdiJ7F11cLwhMBIjzhqvUGxC1XuBPfv2u9qFzNf4GSED,,
iron_man,74accdb9-b912-4c5c-8095-787ad3ab9ec9,A very influential movie! However I don’t understand the insane amount of hype,STAR_4,Zach B,ZB,False,False,False,False,2025-12-07T23:30:00.351Z,,69VS4dI51F4bFEjtz0c64tx1c33cXvtDMtAgfjYh22cWQt5BhOEIVBCmmcLWh8Xf9mI3Yfggcmwh7Kfo3F1GS7AhB5TEzC6OHdQIRnSNJhwo,,
iron_man,c2f7cf66-c2cd-4e3b-b6a8-df9662ddf636,"It's pure movie art, I don't understand why people don't like it, if it's pure art, for my young age it will always be a tremendous movie, five stars ⭐⭐⭐⭐⭐",STAR_5,Matias G,MG,False,False,False,False,2025-12-01T08:20:57.482Z,,wkbHPzt8pCpNFM0hYjUOGU4BFEEcpQCPzt73tVMU66cpVtWDFO9Ia9sLLcGPhdVcW1uADIPPcqDIJgFq2u5muMLFLxf0QsP4FB3smkcb5iY8,,
iron_man,d79b5f22-9c23-48d4-8c41-7e868243c849,الافلام تم اختراعها لاضافة المتعة و رفع الادرينالين لدى المشاهد و هذا الفيلم قلم بذلك بشكل مذهل ..,STAR_5,raand m,RM,False,False,False,False,2025-11-25T11:34:39.429Z,,nJNHeEsLNFOEFLXf0ES60f1OfzzcPoSWjfgEHoxI77cvAtO1FBYfMWsbbcpNhjzfP0s8GfeecWYFYvsmpuo6SnJimvin4tzgSqEFBMFa5FDq,,
iron_man,dcd99b13-0ba0-49c2-972f-5137c659fe14,"Iron Man (2008) soars as a standout superhero origin story, blending thrilling action, sharp humor, and grounded character development. Robert Downey Jr. delivers a career-defining performance as Tony Stark, perfectly capturing the genius, wit, and vulnerability of the iconic hero. Jon Favreau’s direction balances spectacle with heart, making Stark’s transformation from self-centered billionaire to reluctant hero both compelling and believable. The film’s practical effects and carefully designed suit bring a tangible realism that complements the CGI, while the smart script keeps the story moving with energy and levity. As the launch point for the Marvel Cinematic Universe, Iron Man sets a high standard for superhero cinema, combining entertainment, emotional depth, and unforgettable heroics in one electrifying package.",STAR_4_5,Rotten P,RP,False,False,False,False,2025-11-16T18:27:10.887Z,,jEAFW8u4VCNquEgHQVu19hBofvvcv9cm5ujwhN0tVVcG4tmGcJeS8JhAAcBvHX1IALhbkF33cNduOkS7nIAeu3bIB0FKRu6VhoJhk8I3Jh7P,,
iron_man,9d0fe441-5088-4f4b-bb36-f8d956780334,"I think it is an exceptional depiction of Tony stark. The movie set a very strong precedence for the MCU, and has very iconic scenes. Must watch and rewatch!",STAR_5,EleckVick 7.,EV,False,False,False,False,2025-11-10T05:23:34.720Z,,PkbHAKc4BC8NuR1UebuGzIEXUppcgpUB5uaxfoOFbbcJdtq1u5RFoAFwwcpPuo1sLnuGRHBBcgRiLNhYOC3aIj0fzGFPBh7eH9Nf1JhY6FjX,,
iron_man,5168f665-faae-4fe0-8bd6-d96be9b404fb,Absolutely fantastic movie with RDJ leading with a phenomenal performance and a great start to the MCU.,STAR_5,Tyler L,TL,False,False,False,False,2025-11-03T03:28:21.675Z,,A4bTLRfX1U2vtBXhwQhWRsOKt88cKvSbjh4AfzQCkkcWmtOLF1XSq3IKKcJPFpAunQupjhggcPzFowswxF8vc3eIe9hX7HGDs4OudOHJ3i1n,,
iron_man,f3c861cc-ab75-4166-bd1c-baa5b0a86fbc,RDJ is Great as Tony Stark this is a great start for the MCU!,STAR_5,Hayden H,HH,False,False,False,False,2025-11-02T07:50:07.753Z,,RMQhmzC4PcVEU6KF9eUbVce9s00cqwF1OfkoI9ASvvc2qt20SPohjeIqqcgqupnfpzibxhYYcK7tqMs98U2nSBpU8PFY8SgAcAzHQahWGcAG,,
iron_man,4564a7c1-bdd9-47ab-85f9-7fa02f6a7b03,Wait chat why didn’t he maximum pulse the bad guys. Dat would’ve been pretty tuff. LIKE WITERALLY imagine if iron man just said “ hey Jarvis I witerally fink des guys are gonna die. HERE COMES THE BOOM MAXIMUM PULSE” I would’ve gooned.,STAR_2,Ligma B.,LB,False,False,False,False,2025-10-28T00:31:25.541Z,,1xqCxMSvxSo3F0aTd0uPOHbMFGGcb4t81H4nf0otDDczotaPi0oUR5HLLcbBhVzhKjCjEIVVc5LIB9sROiagFvAcwvIgVuo1igNS4OHYdFWq,,
iron_man,71bd980b-69fc-4996-8eb6-e8fbaa1359a5,That movie is a great start of MCU. The iron man armor looks incredibly realistic and every piece of that suit moves which makes you feel that everything serves a function. Robert Downey Junior does an amazing job as Tony Stark. Perfect choice on the casting.,STAR_4_5,lord s,LS,False,False,False,False,2025-10-13T15:50:26.308Z,,XjpsDBHgktzNcXOSAzip3sGJSVVcowHMYHxAtWkFOOcNotEqCRpSYKCeecdLF7PhdJs2Vh11cdaF7NIAnhaQHQVFgpFqAuQWso6h7RFg6Fpd,,
iron_man,b3612fcc-c3a1-43a7-9c72-c0efd881a886,That terrorist scene was so cold,STAR_5,Sheikh R.,SR,False,False,False,False,2025-10-13T00:59:50.212Z,,kAwsNkHxdhxPUzKs09TxXhapF11cA3UMbhX5sVNiMMcPvt69FdAtn6cOOc3XuxdsQRUEkf11c2gtMXHjzhqvUR6S1jfBvIM2h0MIYkC4GSEv,,
iron_man,b6d55a1e-a4f2-44db-b046-86a39cfe14dd,"I absolutely love Iron Man. Tony Stark, played by Robert Downey Jr. is such a joy to watch be a terrible person turned hero. This is the start of, and arguably one of the best MCU movies out there. Tony getting captured behind enemy lines and build a shabby iron man suit behind their back is peak. Iron Man used to be a b-rate hero until this film came along and now he has almost become the face of the MCU, at least in this time period.",STAR_4_5,Jace T,JT,False,False,False,False,2025-10-12T20:17:18.442Z,,pk7ueQhanFVmueviQwh06h7nfKKcpPhqnfAEFkGhjjc19t48H6Bf9JHggcweh7Ef89Fz1SMMcQ2cgAFqMugWsGwFKMC3XSR4s6VUnqs9GS6W,,
iron_man,ece25013-ad87-4899-8a49-404645bb00ea,Fantastic movie to start the most successful film franchise in cinema history.,STAR_5,Uncle R.,UR,False,False,False,False,2025-10-12T18:25:30.663Z,,PoOc1esp9c8bHR1UepUn2uBLFppcz5CBWtKxfvWcbbcJdtg9IGEHRvuwwcM4ho5SL0SGRHBBcXnsa1hYEu32tjaHz7SP9u7zsvxI1Bix5Sjd,,
iron_man,6106f682-6343-4178-943e-51b8416b3658,"What can I say its a banger movie, don't like how the terrorists are showed because they didn't really do much wrong and also why are people in Afghanistan speaking arabic.",STAR_4,Ahmad Edris S,AS,False,False,False,False,2025-10-06T23:57:47.364Z,,QkpSQoCk6tXvt7XtN9IEQI27uMMcQeSd1fJ1h6JFYYckvt9YuMpTL7HmmcWzFq0cz1HJ0UWWc1bHePi0jHLMIXpiJaIJohK7iAKFMKsnouqB,,
iron_man,bdb5b9a0-3136-444a-9457-d1b0b0d6a160,"The movie was a blast to watch. It had everything you need for a amazing superhero movie. A thrilling background story with a clear goal and motive, a heroic main character that was serious but sometimes made funny jokes. The jokes weren’t too childish and didn’t interrupt the plot. There is some romance but luckily not too much cause it isn’t my cup of tea. Downey’s acting was wonderful and impressive 100% of the time. It also totally fits me, cause I am super fond of superhero movies. And lastly the movie ends with a cliffhanger so exciting that I started binging all the marvel movies.",STAR_4_5,Alessandro B,AB,False,False,False,False,2025-10-06T12:49:23.635Z,,kKMSN7s3ptxPUzPuvBHOnIaQu11cbdhMbhXxhgdhMMcPvtBpUYgu0jFOOcWEF80fQAuJvH11cLnfxKuvKiDBIG9u1jfBNSMqu0GczAs4buwL,,
iron_man,507e3389-e207-45ab-9605-06e17984bba4,Aqui a Marvel começou entregando o melhor filme com o melhor personagem de uma das melhores franquias do cinema.,STAR_5,wallison rodrigo da s,WS,False,False,False,False,2025-10-03T20:27:14.085Z,,eP8cXdHX3IGKfVAtzAIWJhM3twwcD8t1MFbkIYntKKcoPt83UWJfRjSmmcRgF3QfQMsnjUzzcBdfBosY8SWEuJDCdNIq8FpWcNeh6QtwjS4N,,
iron_man,58d4f0f6-6d3a-4496-bf75-a88176c7134f,Definitely one of the best movies,STAR_5,Alex C.,AC,False,False,False,False,2025-09-29T12:03:43.881Z,,movhGBuJBHVGIG0HJPuqEi6NUGGcRxSo0Fz8iNBhmmc5qtY4fd6Cb8tzzc0XckpFBYf2pC22cDjt5bsXeIRLfL1IvGhXYFzAhLQSvOukdu5e,,
iron_man,4328c1f0-b2bf-47a0-b3a9-c8a26ff74ba4,Это имба фильм рекомендую чего началось вся кино вселенная Марвел,STAR_5,Nikolay M,NM,False,False,False,False,2025-09-27T15:53:54.415Z,,553Ib2u2YcneIj2hm5tYnuRAIJJcWvHgbCM1UY9hOOcN8tBauPMt7xuWWcxGFOdt5BHNXFggcALt10tgahxmH9OI07U7LuXzFgQFYdt9nhN2,,
iron_man,010cff20-bc19-4fd3-b81e-4eea363920f3,Holds up incredibly well. RDJ is one of the greatest casting decisions.,STAR_4_5,HameZz Z,HZ,False,False,False,False,2025-09-19T02:40:59.749Z,,oEXU12ie1S8RfjNimOi4DHo1SPPcaEIpGi9atWmFmmc7XtektVxtO3uYYcm2hGjUd5hMdSbbc2OILKC6Pt7GILdhXJHp6ikgSNBc0Gse0CM8,,
iron_man,e925097a-0a4f-460f-8c47-cddd03ff98ef,This movie is excellent. The MCU wouldn't even survive without Iron man. The way Iron man was produced is extraordinary and it blends in well with a good story and fantastic characters. It has great values which makes it one of MCU most beloved movies in Marvel history.,STAR_5,Jack L,JL,False,False,False,False,2025-09-18T23:58:00.975Z,,Dant3khxkCdnuAmiG1IPeC0mfzzcP8IRPunqFXDFPPcOztV6udVUAEHzzc4NFaESLJuD7I22cDzUPNtReHwBF8BugLsoxfMWF6XhKVSPMC6o,,
iron_man,11431209-6718-4d1f-9b40-6284734f4737,A classic that lives up to this day. Thank you RDjr,STAR_4_5,,RT,False,False,False,False,2025-08-30T01:41:43.300Z,,qOJh1eC6Afv8I7ph4PUqxhjQF99cMAtaLImYSqYc11cwatO5HnRswkS11cabuqKImLhwXFKKcaVIN4hM7fOBu95t0Bf1Xs9JtmWie7IE7CVO,,
iron_man,c3d4f96c-d053-48a5-b4c2-7b0075dc11a1,"If you had told me when I first saw this film what it would lead to with the MCU, I wouldn’t have believed you. But this first entry in the Marvel franchise can stand on its own. It was funny, energetic, and fun. Over the course of the next 22 films, Tony Stark has arguably the best longterm character arc, and it starts here. Jeff Bridges’ Obadiah Stane was a great character and antagonist until the end, when he becomes more of a caricature as Iron Monger. Otherwise it was a great summer action movie and the start of a worthy Franchise.",STAR_3_5,Dave O.,DO,False,False,False,False,2025-08-29T14:40:51.217Z,,GeBFNWsnDikqU7quAJunRf53fNNcGqhWdfVAHX6IaacWztnLiEXCzqfXXcx6hzjhAougocAAcn5idmSY3cw8h7Mi40iYQH4bhvVsGPteLcnE,,
iron_man,0753dffc-c7ed-4329-919b-e6a40559bd4c,"I love Iron Man, he is so cool but this movie is bad. How do people enjoy someone getting kidnapped and then the CEO of his company betraying him? That idea is horrible for a Marvel movie. Marvel movies are supposed to be Sci-Fi and unrealistic but this is neither of them. The CGI is good and RDJ does great in it but otherwise don't bother with it.",STAR_2,Noah W,NW,False,False,False,False,2025-08-29T13:02:13.968Z,,KjoS4YsBWsp0cWRuNGiVws2MHddcbDcxzS5QHjnSxxcj4tXPtQKCm9teeckmF7jUQpCWmSYYcnWuG0SBdhQjFn6U4bh1WIP2uadFkVuBjt0g,,
iron_man,350f5922-a7da-43d6-a78e-4a205d1217bc,"Tony Stark is probably the least likeable superhero that I can recall, but the movie was still pretty good.",STAR_3_5,Garrett B,GB,False,False,False,False,2025-08-29T00:03:10.845Z,,RMnUYMS4niVDuNpUQbsRLUjLu00cqwF1mtRWi9Luvvc2qt25iXvIj1UqqcQ2FpnfpziB1tYYcKBSqaFDGS2JtPYF2zfYAUg3FA6uv5C68FA4,,
iron_man,26a7e14e-80eb-476a-9758-00351ca5d50c,"Can't picture anyone else play Tony Stark then the man RDJ himself, can't say anything else other than watch it",STAR_5,Solaire V,SV,False,False,False,False,2025-08-26T14:54:59.229Z,,RMBFmAFkqhGWS67C9nfboijLu00cqJUEMFR2UxGFvvc2qt20SXnSL2Sqqcg9FpnfOvSbYUYYc85sEAc98U2kUBqI2dIvMu6EuAofv5CWBuAO,,
iron_man,9dd95dd6-7244-46ba-b11d-835df68f5935,The best possible introduction to the MCU. There will never be another Tony Stark like RDJ.,STAR_5,Lucho G,LG,False,False,False,False,2025-08-22T15:33:21.192Z,,pkdFLYfzGhVYHeac5XuzXFwjuKKcp1FqnfwBc7YTjjc19t7bc69F9zFggckzF7ds8nUzouMMcpNSQmFJOHgPuBwsdBU12IReHjQCngI9PI6J,,
iron_man,d8ad9a33-0491-42b0-9548-6fb9e7d69116,"“Iron Man” delivers excellent acting, strong storytelling, and memorable characters. It not only serves as a fantastic launch to the Marvel universe but also stands firmly on its own as a complete film. Overall, it’s an exceptional and well-crafted work of art with a meaningful, enlightening message.",STAR_4_5,Luke B,LB,False,False,False,False,2025-08-20T21:56:00.170Z,,xGnFgwu94UDJH9qFdzCo7sLBhEEc3ohaDFXzFVdtLLc6qt86u6LiOnhjjcKvcEnuXkCxeH22cj6h7Pugbhk3uJVfQ2ckYh3vhY7cKDIAXuXg,,
iron_man,cc51ae84-8d7e-4037-8a28-68d4b6643543,This movie is practically perfect up until the climactic action sequence.,STAR_4,Ben A,BA,False,False,False,False,2025-08-18T17:08:36.218Z,,0D3FJAhkKcebc5YH4wSzwh5AH33coQF4bfa5F1Kteecq3tEqtwKU8wtwwcmaFJ7I8pfV3hxxco6hB6HRgs1of8AuM0uBDhzbUwVHbRFEOFGM,,
iron_man,80850333-c2d9-470d-bc2e-e1da78201dd1,Great character development and overall story.,STAR_5,John F,JF,False,False,False,False,2025-08-16T10:35:29.105Z,,Nn6hVqhDAuEpHkoIN2IM6id1FeecnGsQ8hRai0msYYcOatDWi20HoWUqqc9mSVXIL2S1vt99cKAh6DImzs0QtVPcJjh7zho1HP1cBphWdt2j,,
iron_man,1a913f84-132f-4682-af64-28eeabf84821,"MARAVILHOSO MDSSSS. Me prendeu do início ao fim. Personagens maravilhosos, tudo muito bom. Nem vou falar do Robert Dowmr Jr porque se eu começar, não vou parar. Já vejo que vou sofrer muito quando chegar em Guerra Civil😭",STAR_5,Artur A,AA,False,False,False,False,2025-08-15T14:01:17.151Z,,dajUp2skJFxoCGDHqJF5qh7Atkkc7JSwOfRmU9Nf11cn7tD3FL7fEPS11c8WFNVu3bIvPu99ckAI5gS0XHEzuQos0MsxwuV2cW0ikwcYKhQ8,,
iron_man,d0256277-7fd8-45da-9eb7-d124e420561d,A lackluster superhero origin story that doesn’t have a high entertainment value.,STAR_2,Vin R.,VR,False,False,False,False,2025-08-15T04:39:47.037Z,,WeWhzPuKWsBXfkLF5ouDvtL1fPPcDOtNktmaS6AIzzcgKt4MsnBFp2u00cjNhdkunghv5c66cjOS0gU9XfOohWKfwnS4nf3xs04tR9UM1FVa,,
iron_man,8b3d5eba-f3fd-44e9-8444-07d5ea68c82a,"Good movie, highly recommended",STAR_4,f T.,FT,False,False,False,False,2025-08-14T11:02:28.878Z,,8JVsAkI61FephgOFXESgKiqVH77cJ9C12F3ktGwsxxcAKt1YUkaI9qSEEcnbuRnfbzUL2UQQcE2Fwpc34FaAFpgcvPfeAf7EhKeuW6txziLx,,
iron_man,7656f56d-f9f4-4f07-b898-2e6984bd19a3,A great start 2 the mcu,STAR_5,Aaron M,AM,False,False,False,False,2025-08-13T19:03:52.338Z,,A4YhLBIXOS20CBYHwjFMXSOWU88cKPuD1HY9Iz4hkkcWmtOdI10UqaFKKcYbFmAfnAhpasggcPzFoGFzxC8pFawuPQik1CxRi45F0OcYES1E,,
iron_man,25831584-24c0-4f29-8c55-ebf0d5d0b872,The movie that started it all. This is a really great movie. But there are some scenes that I didn’t really like. Like the scene where family’s were getting taken and separated. I just didn’t really like that. But still a pretty good movie.,STAR_4,Sebastian B.,SB,False,False,False,False,2025-08-12T19:24:53.738Z,,PoYCAMip9c8Nu9JHaLFnNUBGUppcz2FXAcazuvWcbbcJdtgLt5RFREswwcpPuoafLqfGWfBBcgGFLqHa1S3DfRQCzRIGBF7kSvwsgoSxMf5R,,
iron_man,299595a6-8978-4a95-ad91-c2966840f235,Really good origin story movie for iron man and RDJ did such an incredible job playing tony stark and iron man,STAR_5,Mason O.,MO,False,False,False,False,2025-08-11T01:26:30.268Z,,bWmfMRhzDiaGhDvF2xT9bf8nIBBckVsYjh3YhoBcLLcJpt0aUg4hNvsxxc0RFOgUa8hD2fPPcE0I5JsY1hLEtwJtRxhV3uNbcXbC9XfDefxa,,
iron_man,1376444b-2264-4c99-a132-f231386a50d2,I regret not watching this sooner,STAR_5,Londyn L,LL,False,False,False,False,2025-08-08T08:14:46.559Z,,g5EIWOu9ktPYHP8c2Js6EtpOt11cD9skJswQInMc66cN6tMQtwMHM7TbbcaphxasgWs1bu66c2gHvOudWhg1hNYF4Au6NhW3h0dIWLIqpump,,
iron_man,0cac8156-9591-4e0c-8015-8cc610cbde36,"Filme muito bom para uma história de origem e de introdução ao universo cinematográfico Marvel ( UCM ). Um personagem que para época, era desconhecido, se tornou um dos mais carismáticos e importantes desse universo Marvel. CGI e trilha sonora excelentes, roteiro simples e bem elaborado, drama do filme é bom... Outro ponto bem desenvolvido são seus personagens, principalmente do protagonista ( homem de ferro ), que por sinal grande show de atuação. Um filme com uma história simples que deu início a maior saga cinematográfica até hoje, nota 10.",STAR_5,Luiz Gustavo F,LF,False,False,False,False,2025-08-07T16:43:26.171Z,,MVqu61sLvFqjUa1fVQUYKsapfwwcKQu4DtPJU3wFGGcEWtp3tgzHqzfEEcvAF6zsBPuJ5IKKcEBSb8Hp8h9ws4YH6oImof90UWjIN9h8Qtoq,,
iron_man,de68d7cf-382c-4348-907a-8bace7f0c0b4,Robert Downey Jr. IS Iron Man.,STAR_4,Joseph M,JM,False,False,False,False,2025-08-06T02:55:26.810Z,,QkvUvMU5ehXqIanueKuEOfxVuMMcQKsdGUJbS6vfYYckvt93fMDILJFmmc8vU8kubgCJzSWWc12uePiVjFLVsojSGoFdXF1MHABh0LIjACqP,,
iron_man,75f0473e-44a8-4d04-a35c-d6ab47812721,The OG has some pacing flaws but it’s the film that truly kicked off the MCU.,STAR_4_5,Justin O.,JO,False,False,False,False,2025-08-02T15:18:07.593Z,,1xDuYGH6pcoAi0aTd3CYeIbLuGGcbYs8OFgnu0otDDczotpVIaqH3vTLLcYmuVzhK1sODuVVc5BsO6iRpCWAhLWsw6sgPSoXCgNSE3F4AHvJ,,
iron_man,43516b93-c735-4efb-8f98-e7f58371b9e2,Great fun movie one of my favorites but not the greatest movie ever but a great origin movie about a guy realizing his mistakes and making right on his wrongs.,STAR_4,Aaron N.,AN,False,False,False,False,2025-07-31T20:44:02.440Z,,49wuq4f70SD3Cn6cW4hg0c19foocB5IAxSdYSOMUNNc13tDMI1VSGQFNNcwmhvVhbMf85T66cKVIYJf43uWAIN1IY7UP4H63u4OfNbfYPhPa,,
iron_man,bdf68a2c-6539-4c03-9a79-2c5929e5e83e,"This is actually good! Watch it too much (some times), still a good movie!",STAR_4,CBall C.,CC,False,False,False,False,2025-07-30T01:16:28.156Z,,8JEhV7fogieEIM6IJNHgKiRVU77cJNhwnHE7cGRfxxcAKt1BhknH9dUEEcnNFpKcbQFLOuQQcL2FgAHbRi9zimxHKNFeVU75sxaIWbuxQcLe,,
iron_man,6b67006c-401a-45bc-96da-7de226036690,Iron man is an INCREDIBLE superhero movie. I am obsessed with Robert Downey Jr’s fantastic acting in this movie. An all time favorite action packed movie for me.,STAR_5,Angelica J,AJ,False,False,False,False,2025-07-27T17:09:36.742Z,,Mnws6LhAvT4PcaAsVNSY5UapfwwcKjiNBf2aH3QIGGcEWtp9FgQsqGuEEcz2u6PHmwsJ5IKKcE4TM2CpGS9Xh4DF6vUmat9xtWDuN9hGPfba,,
iron_man,ca388685-24b7-4de8-9f12-dfc738cf3319,"The first installment to the MCU and it’s regarded as one of the best movies for  good reason. It’s known to have save marvel and yea I completely agree. The story is great, Ironmans origin is pretty cool and he’s very entertaining for the movie. Putting the nostalgia aside, there are elements I think could have been approved like the villain of the movie. He is so forgettable that even after you search the antagonists name on google you’re still not going to remember his name. 
Overall first movie was amazing
9/10",STAR_4_5,Trevor H.,TH,False,False,False,False,2025-07-26T04:00:18.922Z,,PkbH1qF4RF8bHR1UewFn8sEYSppcg7uX3iaQHoOFbbcJdtg4hGatRkFwwcM4hxbiLqfmncBBcX3hLqHadU9YcjgtAGsGou7nh9bHgoSYMu5R,,
iron_man,b0b061cb-6f41-4d39-8689-6ea3dc6e5e28,Best hero movie Marvel made.,STAR_5,Renaldo D,RD,False,False,False,False,2025-07-25T14:37:17.677Z,,MVbHdjuL7hqBHN3CGJtYxFbkFwwcKQu49I2JF3QIGGcEWtpBugBSqjSEEcz2u6zsmwsJVsKKcnbIM4cBOS96f4YHbpCP0C9YSNEFKYhG7Hbm,,
iron_man,2f13f4ba-f76e-4bc0-8dfd-11eea38b0a90,"Iron Man was the beginning of what would become one of the most influential film franchises of all time. With engaging action, a standout performance from Robert Downey Jr., and my favorite Iron Man suit design, the 2008 film still holds up—though it’s somewhat weighed down by a flat antagonist.

Robert Downey Jr. is Tony Stark. His sharp wit, snarky charm, and his portrayal of a broken but brilliant man define the character and helped set the tone for the entire MCU. What makes Stark so memorable are his genuine imperfections—he’s selfish, arrogant, and deeply human. Watching him fail, grow, and perfect his suit adds a grounded, relatable arc that few superhero films were delivering at the time. Every moment he puts on the armor feels iconic.
The film’s biggest weak spot is Obadiah Stane, a mustache-twirling villain who I watch and wonder how no one found out he was evil years ago. His transition into Iron Monger leads to a fairly standard “same vs. same” final battle that doesn’t add to everything else the film works so hard to build up. 

Still, with its energetic action scenes, fantastic character work, and a career-defining performance from RDJ, Iron Man launched the MCU in the best way possible—and remains one of its most rewatchable entries.",STAR_4,Donavin D,DD,False,False,False,False,2025-07-24T16:36:32.776Z,,vgAFLNUo4uKYSenf3bFGgf9gHQQcegUqBh5JUEnsggcjDt9nhpPiAPFnncMohbWFGDUAqteecO9FNatB3TkjipgupPtkEfbJfq8ukwFPKHA7,,
iron_man,ae428ad4-9430-4800-ae24-319efe52d3a8,Watching all of MCU movies :),STAR_5,Ahtzyri C,AC,False,False,False,False,2025-07-23T04:23:25.241Z,,wDPhV4tb7spmhMoFYGSO6fAkFEEcqLtPzt7afVvI66cpVtWKuOaCaXFLLck6FMEsgAIY5hPPcqWFJPcLoC5dtMLFLGh8EFPkSBkFPBUxGF5X,,
iron_man,598ad791-4067-4d06-9df8-f964b34cb51d,"a very good and fun movie, the movie that starts the MCU and the infinity saga, it's no wonder it's known as the movie that saved Marvel",STAR_4_5,Bruno P.,BP,False,False,False,False,2025-07-22T20:23:24.053Z,,da2upmUmWFxoCGkfOJH8PH96tkkc7QUwAIRah9eu11cn7tDAsL2uEWh11c8WFN3FG0SvPu99coPc96faKIEkIQGtezF2YIApuk4fgqFYoUDR,,
iron_man,17792c3d-2419-4961-8b48-c742f9bc1614,La trama es muy buena toda la historia está bien contada los la actuación de Robert Downey Jr es buena,STAR_5,David C,DC,False,False,False,False,2025-07-21T23:43:48.794Z,,YJksLASJOhEMt8Js7JuLoHqXhaacJBhA0S5XS6bFddcNetm5I74uRXh22c5dh3MIPKs6wSVVc4PS1aH3GHYwhW8smYfnDs0VU8AtdoI48F9z,,
iron_man,72229418-5535-42cc-8c52-60c3fe1adb46,Good start to the mcu and a very good movie,STAR_4,Juan D,JD,False,False,False,False,2025-07-21T15:56:40.449Z,,RMQhmwhkPuGbs6Gu9eUREHenu00cqbuEPIkdSxgcvvc2qtBwtPxcjASqqcQ2FLmsOgFb8tYYcKJhqBH9Qf2BHBqI2LFYMfgKuAofQ7s6Bfqz,,
iron_man,52bbdfa5-ca50-48dc-95ee-c1febdba7202,It is a nostalgic and a good movie,STAR_5,Brent B,BB,False,False,False,False,2025-07-12T00:30:50.167Z,,MVOh6jfLgs4LCa0FVJFYzuaOtwwcpASNju2NI3QIGGcEWtpQhgwfq7sEEcvAF67ImKuJQuKKcnOSM4cpNUkWh4zs6MhPbh90UWEHN4HGQFbB,,
iron_man,22bb2610-5ac3-4d8c-bc16-fc74d72d1ee1,"As a disabled person, I can relate to a degree to Tony being captured. While I don't have a heart problem, I have felt confined. Robert  Downey Jr did an amazing job in humanizing Tony Stark/Iron Man. Oh, and the suit was awesome.",STAR_5,Mitch B,MB,False,False,False,False,2025-07-10T23:01:54.500Z,,7x4CW1SmLh6JcYei0aCxzf47u44c51fXaHozCbWC22c3bt0Gu8mU59Hnnc8GUeLHJbHaeCMMczXiEgH7Bc5Ls9BfoxtE4Sx4taxcp0F5ehzO,,
iron_man,d0f01182-6b8e-4a82-89bb-279922639253,"Starts off so strong it can't help but slow down from there, still amazing.",STAR_4_5,Lore O,LO,False,False,False,False,2025-07-08T23:00:38.135Z,,8JBfV2HonFe9HMOHXxIgLuRPS77coGhwvS3ktG9HxxcAKtGwHkaID2CEEcnbuREH3qHLQtQQcE2Fg8sb4CaLHm7UvAtoQc8BtxMUWzFoQhd1,,
iron_man,056edf74-08b2-415e-9fd5-c31e0bc753fd,"This movie is a great start to the MCU with very lovable characters and a great story that has stayed with many people who have watched this movie 

Story: I think the story was great, everything about the ten rings and how Tony escapes that facilitate was good, the first and third act for me were also pretty decent but not as good as the second act 

Characters: Robert Downey Jr. plays Tony greatly here and makes him a very interesting and deep character. The villain in this movie I think could have done more.

Favourite action sequence: the final action sequence between Tony and and Stan",STAR_3_5,Kyle S,KS,False,False,False,False,2025-07-08T20:02:45.275Z,,zROcdYH5KInMUBAfxvIEPSvkSkkcJBT4of8aizwcPPcAxtj4he6h0giGGcEwUPMhE1upWf22cm2hjaf4MIQpSp0coEC9pHBzFxQSVnfmQcEj,,
iron_man,bf587501-7d2f-484d-8f6e-44976bdc071d,The greatest possible start.,STAR_5,Sérgio M,SM,False,False,False,False,2025-07-07T12:11:21.053Z,,EAkHKRuEGSoDCR9Hgquj7IV8faacvbSoKHnNhQ7hVVcQKtgjt65HjRczzc6dhWpFOwCDAHOOc1zFm2FGRI98HgmiMvCQgiBdFq9heWFeghnz,,
iron_man,f353cdb9-b54f-4dfe-91cd-8b2d01ee5fa1,"Nostalgia aside, the film is a bit weak.
I fully support Robert Downey Jr.'s work; he made it incredible, but the plot sometimes feels a bit hollow.",STAR_4,Salvador E,SE,False,False,False,False,2025-07-06T22:31:37.812Z,,zjaFdMs5Ghn7f70fBjcGgIvBfkkcaDh4ms89IV0SPPcAxtzMfeNsVOHGGcXqFPDFE1upxu22c8dhjgh6AUQPUY0hoBcX5CBOTeLuVks91SNx,,
iron_man,abd813ac-0a87-4ae7-81d0-5b7c2a8984c5,It started it all and still has aged wonderfully.,STAR_4_5,Evan G.,EG,False,False,False,False,2025-07-06T17:07:04.429Z,,ng5he5ULnUOMhLvU0ES6MU1OfzzcPQtRxIgXhoxI77cvAt2eiBaHMKubbc6gtnAh26CMGueecE6fYQUm9Uobsqvtm6FQVcDjuqjhBdtEbuDM,,
iron_man,d8c5a0a9-f344-4e96-9bb0-6b93a3528f69,"One of the best movies I have ever seen. Also, the casting of RDJ as Tony Stark was absolutely perfect.",STAR_5,Alex L,AL,False,False,False,False,2025-07-06T12:19:11.543Z,,ngRiD8ivqhO9UOJTAOF6Lt14Szzc38fWxugJSWdF77cvAtO1FoaFMRFbbcpLFjvUPJfM1heecEXUAXtmgI2eIqBSmecQxCzWUqEFBPUakhD1,,
iron_man,0fa481e2-1253-41ef-8fe4-103ac0beee26,RDJ is Tony Stark simply perfect casting and kudos to Marvel for believing in his ability to portay this character. Tony's character arc over the entire franchise is pretty epic and it all started with his film. Is it perfect? No. Is it still a brilliantly entertaining film? Absolutely. Still gets a rewatch every single time I do a timeline rewatch,STAR_4_5,,RT,False,False,False,False,2025-07-06T08:05:57.432Z,,jE1tWwI4VCNKfEVtQXFoJhkoHvvcK5tmVsjYCejHVVcG4tmYiv4h37cAAcBKuX1IALhbAS33cNduOzI9bIAqF0aUB3tKniLnUdkSkKf39c7g,,
iron_man,49e4510f-f744-44bb-8c97-a4fa419e08cc,"8.8/10

Might be viewed better in its current lense because it’s the movie that started it all, but a top 10 McU film.",STAR_4,Tom T.,TT,False,False,False,False,2025-07-03T19:53:32.969Z,,09OuJAhYGfOjH5OF4wSzvf0Ki33cz9S42FabI1Queecq3tEnhwOf8wtwwcJ9FjgInvhkWhxxcpWHMwuOqi1vhxMsMjIqPhoduwWF3xuqOHGV,,
iron_man,e8712b81-a85c-476a-89bd-7849e5431d80,Piękny film ze świetnymi aktorami i fabułą,STAR_5,Gold Kinght P,GP,False,False,False,False,2025-07-03T15:06:55.118Z,,K1BCARIB0ho0hWXSNDhm7cnouddcbDc42H53Ujotxxcj4tXRID0SmPUeecPduQ5t4KtBOfYYcJVIG8hBdh7jHnGF4GS1RTP9IpdCa1F6Yf0v,,
iron_man,bf5bcf09-0dea-4a86-95d6-fb27126668d9,"I decide to rewatch it and it still a great movie when it comes to Stark's insecurity about learning his mistakes after creating his first armor suit while being held hostage by terrorists.

He's able to grow his character by being a great armored superhero by risking his life to protect people.

Iron Man is worth watching than a god awful Ironshart.

8/10 Great",STAR_4,R0ck1n J,RJ,False,False,False,False,2025-07-02T16:27:19.906Z,,J9vuAeiW3hNbs0nI7BtYnsdLS77cR6UVmCB3t4wSNNcRetbVhMeIo3sDDcPaFemSAnCj3U33cN7FgEs76Cw0u7aIXACVRuQ7HNnuPKIBwFQ8,,
iron_man,ea202585-f380-4101-9e12-5af4c5a621bc,Best way to kickoff the MCU. The soundtrack is good and proving that if the makers of these comics make the movies can make an amazing movie.,STAR_4,Mourning  K,MK,False,False,False,False,2025-06-30T17:55:09.698Z,,oEPf18IvwhX6hjgFDzIJNuoKFPPcaWSpYu1LfWmFmmc7Xt1YIVPuEvhYYcmEFGpId2tMVIbbc2XhEPHWni7XuLjIXzI2wfvGiN0FX3SE2H2q,,
iron_man,f4d79913-43a3-4895-9e45-eb4b98be3a9d,One of my favorite movies of all time,STAR_5,Whitley F.,WF,False,False,False,False,2025-06-27T16:50:56.140Z,,jWatz6u48se8FENSQbIo9CkRsvvcv3CmPfOqheMuVVcG4tm7hv2u3JTAAc8pFXGsPJFbYU33cXYuOkS7piA1s3msz0CKRuLwhdAfJdcgVfEP,,
iron_man,3e219675-2515-4287-ae94-38c338c5acdc,"An incredible film, highlighting rdj's performance, highly recommended",STAR_4,,RT,False,False,False,False,2025-06-26T18:47:06.690Z,,WepIzVfYxIBdtk2SYqHDXHL6IPPcQaIdDfmjUJ0IzzcgKtNqUbOuAnh00cM0Cdnf8gtvgF66c89idVi35SxNFWKfw7HwBC3Xf8dfBWFMqCVj,,
iron_man,0603598b-9582-44cb-b66e-f6742bed9c4d,"Reflecting on the First Iron Man Movie: A Game-Changer for Superhero Cinema

I recently revisited the first Iron Man movie, and I have to say—it still holds up as one of the most iconic and impactful entries in the superhero genre. From the sharp storytelling to Robert Downey Jr.’s unforgettable performance as Tony Stark, the film didn’t just launch the Marvel Cinematic Universe—it redefined what audiences expect from comic book adaptations.

What stood out the most was how the film balanced character development with action. Stark’s transformation from a self-centered weapons manufacturer to a hero with conscience was compelling and believable. The movie was grounded, intelligent, and surprisingly thoughtful—a rare blend at the time.

It’s a reminder that successful creations, whether in film or academia, often rely on clarity of vision and strong execution. That’s why I appreciate services like DissertationWritingServices.com. Just like Iron Man had a team behind the scenes to make it exceptional, academic success often benefits from expert guidance and support behind the scenes too.

Whether you’re a film buff or a grad student deep into research, excellence comes from combining creativity with precision.",STAR_5,Steven K,SK,False,False,False,False,2025-06-26T17:57:30.246Z,,mogfakHJaS0ES6WCJot1LfJASGGcRqUjEtz3FNGSmmc5qtY8ud4cjQizzc06CMYiBYf2Lu22cDmU5oHB2sDViLVFvwtXghwVhLQSvWFeAIgE,,
iron_man,b7b3840e-6af6-4638-a15f-c63d5b5c1aa1,Awesome great acting by rdj makes so nostalgic,STAR_5,Jasvir S,JS,False,False,False,False,2025-06-25T13:46:57.495Z,,damt4zckJFq5uGkfqBh56I98Hkkc6zsw0hAKSJeu11cn7tP9sLwhO0C11cOwFNkt3AUvaU99ckzF56Ta4sEBHQYI09f2YIVBFkBFkwcWxuQ2,,
iron_man,38858b35-4d3c-47cb-a455-62293f181e94,"Absolutely amazing, the armours are great and the best start from a franchise.",STAR_5,Siempre 1,S,False,False,False,False,2025-06-21T12:20:07.122Z,,vnLiqzSROSEASv9hJGIG3U92SQQcedf7Af5KsEXFggcjDte1Fx2sAPFnncMpCbBcGDUAPHeecj7cNoIexhkNCJeupQUkXtb4IpoHxKtP8he6,,
iron_man,b0b8a638-df36-491a-bb8f-dca2d84911c4,He’s not my favorite superhero but this is good,STAR_4,Liam D.,LD,False,False,False,False,2025-06-20T16:59:48.111Z,,2Gncz5uQWHYRI3gcpwC24cDauWWcjMf0Of7PIz2fLLcBPtO9cP8HGLHvvcPoF80U7kSJAt44c3wUYNugAte3ckvuqBfLgcq2sKDhXRhEosqO,,
iron_man,527f9910-4bda-44b3-95ed-f3651c301863,"The worldwide gross is $585,796,247.00. Rated PG-13 for Intense Sci-Fi Action/Violence and Brief Suggestive Content.",STAR_5,Stephen C,SC,False,False,False,False,2025-06-08T19:28:34.928Z,,BM9u8vFN2H1VUp0uo5tnNfM5sggcw3UAbtQYf9xi22caLtWwf6xSeQIddc48h0VIkES1wCJJcR7upqu4BtXBFJ8FPqhJDH8KHOYuxGsjvSB1,,
iron_man,1aeaa401-c5e4-4e72-9460-aea810b6c7e3,Robert is a Genius this is how you make an Superhero movie!,STAR_5,,RT,False,False,False,False,2025-06-06T19:24:06.310Z,,Ge9HAdsn3cpAh7VtA9UnmSo7CNNc7WtWEHNDSXYsaacWztnLi70fjncXXcx8FzgiLgHgVCAAcV4HdXfYkiwOtORt4RcYdINLi2dCGoS5PIno,,
iron_man,93648f93-3ad5-4603-a128-f9a0e2350ceb,"This movie is great from start to finish. Iron man is my favorite superhero in my opinion, and I thought that Robert Downy Jr. portrayed him great. From all of the action scenes and trail and error inventing scenes this movie is a masterpiece.",STAR_5,Laurie L,LL,False,False,False,False,2025-06-06T13:36:34.718Z,,jEqHzNF70FNquEDs7zF12skoHvvcKoHRwtOzUN0tVVcG4tmYiJXH8vIAAcBKuoqCPJFbKf33cNncOGh7qsAah3OHzNiKRu6wCd2IJ1C3LF72,,
iron_man,63ed072b-869b-45ff-849e-b00c157476ea,"Now entering the real MCU, now that we finish the first part of the Marvel Legacy. It is amazing how this movie after more than 15 years still is great.",STAR_4_5,Eye C,EC,False,False,False,False,2025-06-02T02:00:41.692Z,,8J4FAgT68seRug1hJYIgLuR0u77coqIwvS3qUPRTxxcAKt1zF7pH9oHEEc0BhRKh3GujvFQQcEwtgeUbVhagfmeIKDcePS7PFx0hWjSxzidx,,
iron_man,86e06831-3127-4782-84dc-ab216efb1b34,BEST MOVIE OAT TONY STARK IS THE BEST,STAR_5,em s,ES,False,False,False,False,2025-06-02T01:17:23.612Z,,KjOhApS6LIo5sAqhNmCmdC2ofddcb2C4kf5Rujotxxcj4tXWsQGFmwHeecPdu7Ku4wIWmSYYcJ2tG0SwGFQ1ineS4GSoBUWqiaOUk2fBjt0o,,
iron_man,1fc46543-f1c7-48a8-830a-cbfcf2f88a8d,"Iron Man is a solid 3.5-star superhero film that I enjoyed. Robert Downey Jr. brings charisma and energy to Tony Stark, making the character truly unforgettable. The action is engaging, and the story is entertaining, though some parts didn’t fully captivate me. Still, it’s a fun and well-executed origin story that helped launch the Marvel Cinematic Universe.",STAR_3_5,Nicholas B,NB,False,False,False,False,2025-05-25T20:44:01.849Z,,39KFGVFwvFPjtapFY1tdKUWoFwwcV7Ud8sX6FJ4F88c1OtbkFjBC8buQQc1zC2juoduvKCOOcn4fw9SNJud3Fb9sm2C8RFY0u2ahVAH0AuqG,,
iron_man,59a42860-d4d4-4296-973c-0dc849c2b7cd,"A BRILLIANT LAUNCH for the MCU
The Perfect Example of ""The Hero's Journey"" as Genius Billionaire Playboy Philanthropist Tony Stark learns the error of his ways in the hardest way imaginable and seeks to make right by his sins.
This is the film that Revived Robert Downey Jr's Career! No One Else could pull off this performance. His charism & charm blend with witty egotistical snappy quips. The fact that a large portion of the lines in this film were improvised and this film still feels so natural is incredible.
The first time we see Downey put on that signature armor is iconic and what he does to terrorists to make good on his promises is an ABSOLUTE CHEF'S KISS!
SO SATISFYING!!!

So Many Iconic Shots That Live Rent Free Forever In Our Minds.

While the villain isn't the most engaging, this is the first that many others would repeat later on. This film set the template for others to come, and ages so much better since ENDGAME.
Robert Downey Jr's last improvised line comes back so perfectly in the end, and this is the scene that got everyone hooked with a move never before seen. The Post Credit Scene sets up for the first phase of the MCU brilliantly, which builds up further later on.
Perfect Director, Perfect Casting, Perfect Journey.

A+
9.5/10

AN ABSOLUTE MUST WATCH EVEN IF YOU DON'T WANT TO GET INTO THE ENTIRE MCU, BUT THIS FILM WILL LIKELY GET YOU HOOKED.",STAR_5,Brenden D,BD,False,False,False,False,2025-05-25T04:07:24.762Z,,OAeI76SMAU0bszpc6BS3PuMOtddcjwfoBfVvH0nHMMcdotNni1OSpqhWWcEQheKuBpFaYummc9RUmeHqguBmtb9tzWuPXSLoUQ2IeOh84SRe,,
iron_man,78cc784c-0be9-43e1-a5ea-de05589d71a3,Great intro to the MCU. Love the movie and it takes on its themes so well. The war theme is amazing and takes on many parts of the Afghan war well. The relationship between Pepper and Tony is great with fantastic chemistry and also the comedy is very well timed and doesn’t take over the film. The plot twist villain was good but the second act dragged a little bit into the boring part and the final  battle had some questionable CGI. Otherwise the movie is a bit underfund beginning to the amazing world of Marvel.,STAR_4_5,Hayden C,HC,False,False,False,False,2025-05-24T21:21:09.246Z,,R0JCY5UkxfVdt6GuQmFR3Se6F00cqbuEAuRWi9Luvvc2qtBvsXesjASqqcg9FpwspgCbGfYYc8Eiqbt93FYOuPai8gCvMugAcAQSQah6MUq1,,
iron_man,357a23ec-859d-4dfe-acea-a4636638b499,"The one that started them all, such a classic and must watch.",STAR_4,Noe H,NH,False,False,False,False,2025-05-23T21:02:47.602Z,,MVdC6ztL7h40iN3CVRtapFa8Iwwcp2U49I2JF3VSGGcEWtp3tg1UeGhEEcvRh6Yfm7SJ3UKKcEoUbmuBeT9pS4Kt6muPou9juWjIKYhGRubB,,
iron_man,78a5145d-cef0-4433-996f-90f4c5bdb6b8,"One of the best in the MCU. If you don't like this one, then you likely won't like the rest. Which will save you a lot of time, as it's early it's early in the MCU timeline. Great detailed origin story, with plenty of on point comedy and one of Robert Downey's best performances. I've watched this one more times than any of the others and it just never gets old.",STAR_5,Matt J,MJ,False,False,False,False,2025-05-23T11:49:45.429Z,,949hwEfBKswMfnAiQzhPnIp0Hnnc3Bs6JUKPFNXUeecY2tE5UK8I10sQQcWYhA9sjJhm8HYYc37ukXhKDFqvIoBt48HBzUBmcAmTqzsMKcRJ,,
iron_man,013905ca-d7a3-4dee-ac9d-992b184bd4b3,One of the classics...,STAR_5,,RT,False,False,False,False,2025-05-20T17:47:55.902Z,,adYhxbFoOhmOSv1iYosj6f8jUQQcd3sQ3uq5haEUKKcJBtd5SQ9IzouNNcd2Fvjsq9FOvhWWcbWcwac8Jie6FPaCe9hgjiJLFxJt95sqaUN1,,
iron_man,8aabc9cf-2ce5-4190-a0d1-b1d5d56e395b,"The first part of Iron Man depicts a simple businessman striving to survive at any cost. This determination is what ultimately leads him to become a superhero, calling himself Iron Man.",STAR_4,Chandan K,CK,False,False,False,False,2025-05-20T08:41:41.042Z,,oE2t12iewuXosjNiDvuJDHo8uPPcaWSxBh9jUWmFmmc7Xt17SVehOKUYYcm2hGpIdjfMgHbbcRXcEBt6dFYPiLqUk2h2LIkztNdhXWtELtMA,,
iron_man,08d689c3-51fd-4308-a515-a512d270f8fc,The best iron man movie,STAR_4_5,ARTHUR G,AG,False,False,False,False,2025-05-18T19:46:34.137Z,,0DOHJLskxCe3im6F4NsOqu0kF33coBu4PsB5UOafeecq3tE6swBS89HwwcJ6hj7h85tk4SxxcpBUB1tRgs1bSxGSMaSBDhzBFw8S39tqOH9L,,
iron_man,2ddb78e8-6517-41a3-b579-4764e4333ede,"While not perfect, it comes pretty damn close - Iron Man is one of the best superhero movie adaptations to hit the big screen so far.",STAR_5,TROYS S,TS,False,False,False,True,2025-05-17T19:18:55.678Z,,oELFnduexf8nhjgFmqF4DH5KHPPcaWSpLF9jUWzcmmc7Xte7FVPuOKUYYcmEFvxIgwCMXfbbc20sLoh6guYxuL6Fkwc24tvPhNdhXQIeacMv,,
iron_man,25954f27-6d33-4e09-bf55-797166c6e1db,Might as well be the founder of marvel this movie is so good. Made amazing a visual and story telling treat. A must see,STAR_5,Lennox B,LB,False,False,False,False,2025-05-14T14:04:28.414Z,,YJ0fLxtQOiJVfODh7QhL3Iq6FaacdEiA3t56uYbCddcNetGbHamsRNF22cQWud5cRdC6WfVVc4mu1VujacYEIWoUmxun2F0VU8qHdKS4Ds9E,,
iron_man,49aeb3bb-e1f6-47fc-bcf8-fcdb67cf8a5f,"Hot Take:
Iron Man (2008) is both the best standalone Marvel film and the worst influence on everything that came after it.

Reasoning:
This movie works because it’s not trying to build a universe — it’s trying to tell Tony Stark’s story. It’s grounded, intimate, and carried entirely by Robert Downey Jr.’s charisma and vulnerability. The tech feels tactile, the humor feels natural, and the stakes are personal.

But that success accidentally set the wrong standard for the MCU’s future. Studios saw the charm, not the craft — they copied the quips, the post-credits scenes, and the light tone, but lost the emotional grounding that made Iron Man so good. What started as a story about guilt and redemption became a template for “insert hero, insert snark, insert CGI finale.”",STAR_5,CJ F,CF,False,False,False,False,2025-05-13T21:21:16.430Z,,WMnszehKOSBGFkgfYqHDYuLJtPPcQ9HNJHzbiJ0IzzcgKt4oTnvsA7H00cjkF4nfnosRgH66cjzI0js3gIO4iW7hwKu43S3Xf0OIRNSMRh9Y,,
iron_man,a65abda3-8417-42cd-8970-5b506bcdb9b9,I wish so much that I could go back and watch this for the first time again. We never knew how incredibly good we had it. Such an incredible start to the MCU infinity saga.,STAR_5,Gregory S,GS,False,False,False,False,2025-05-13T10:23:15.031Z,,mo7FGNCJaSV7H6WCxGu1kI6ktGGcRJfjJsz1cNYtmmc5qt01f0XsjxCzzc06CMGTBYfwdf22cD9fm3iBjtDmTLNUv4I4NSw6uLpuv2iePS5G,,
iron_man,5104d69a-face-4145-9f70-9c812115b510,This film started one of the greatest film sagas of all time.,STAR_5,Amilia P,AP,False,False,False,False,2025-05-13T08:52:42.017Z,,vnLiqQho1iEpheohJns2gu9zUQQcedf7Af54IEmIggcjDt9Ysp7cV9hnncMpCzLuGbI9bteecjqFN6SekuQ3sJxsp1FkPubGtp8fxaFPKHAO,,
iron_man,a73eb2ae-73df-496e-abe4-bcb619920073,"It's the start of the mcu and it's solid, but overrated",STAR_3_5,Nicho T,NT,False,False,False,False,2025-05-10T20:07:21.377Z,,1KRSxdh65igBIgLhYwHP7IKLcGGcbRF8ESgmi0dIDDczotpeua9F3vTLLcb7FVNFXNfODuVVcgdFBeIxvUWvFvAcxACMRipefBbiEvhYBhv1,,
iron_man,5d1a3d50-cea3-47d5-86ff-8203b428a15a,"Poor pacing, poor villians, poor characters. But the action scenes and visuals were cool.",STAR_2_5,Joey .,J,False,False,False,False,2025-05-10T19:29:55.179Z,,1KmIYES6YCoVc0KFdwFPpfbafGGcbOI6dt4GFN5tDDczota6F0oURvhLLcYmuVDiXNfj3hVVc5LIBQHxXtWMcLbtwvIgbFoeugGU4XfYwUvw,,
iron_man,b8ec4768-989a-4e5a-be74-1847840c226e,"**Iron Man**
Debo de decir que esta película me emociono mucho u de hecho es la que mas he disfrutado hasta ahora de todas las que analice, pero no es la mejor. (Sí, por Inception).

Digo esto porque en sí la historia si bien no es trascendental para ser el comienzo del UCM esta bastante bien; sientes una química entre Tony Stark (Robert Downey tiene un gran papel, se volvió en mi actor favorito después de Jim Carrey y me encantaría ver mas películas protagonizadas por él) y Potts.

Hay escenas que pueden parecer innecesarias como la del baile pero esto solo ayuda a mejorar la química y relación entre los 2, además, la peli no se siente pesada en ningún momento a diferencia de por ejemplo Mi Villano Favorito 4 que te dan ganas de abandonar la película y es completamente disfrutable. Mis quejas son:

1. La introducción a desarrollo se siente corta y que pasa muy desapercibida, sientes que de un momento a otro Tony está en paz siendo reconocido a ser amenazado por unos asiáticos a la verga.

2. El antagonista es de hecho, muy olvidable y la verdad aunque haya tenido buen papel como Mark 1, siento que dejo de desear.

Aunque esto no se trata mucho de un conflicto contra alguien en sí, sino en la evolución que va teniendo Tony; al principio su empresa es solo una enfocadas en el armamento, pero tras una situación en peligro y reconocer su umbral, se da cuenta que puede aprovechar su inteligencia mucho más, inventando a *Iron Man*.

La escena post creditos es una de las mejores que he visto y te deja en shock sobretodo los fanáticos de los comics. ¿Los avengers Iban a la pantalla grande?

Sobre la banda sonora esta acompaña de manera correcta a la película y si bien no hay ninguna obra auditiva digna de un grammy es memorable y clásica.

Por último, los efectos especiales; que si bien se quedan atrás para la actualidad, cumplen con el papel de impresionar visualmente a la audiencia.

**Calificación**: __73% (Muy buena)__

Tiene sus fallos pero definitivamente es muy disfrutable y me da una muy buena imagen del UCM.",STAR_3_5,,RT,False,False,False,True,2025-05-10T04:22:38.159Z,,kKbfNwSxdhxXfz1tvLsO0hDGu11cANhM0uXOFgWUMMcPvtBksdAtnpuOOcWKhx0hQAuEvI11cLYuMptvphqWsRwHngcBPfM2h9wSzNf46fwD,,
iron_man,1eea96b8-cd44-4061-b68f-43884ed8e933,"If you’re in the need of superheroes and want to watch a wild and exciting show that will make your jaw literally drop to the floor, IRON MAN is the one superhero movie you definitely want to see.",STAR_5,Cody W,CW,False,False,False,False,2025-05-09T12:06:59.777Z,,vgYULdfo4uEYFeWH3bF21cKAiQQceRSqBh5Ks80hggcjDt91Hp7cVWinncRKFb4CGbIAVFeecjAiNjuepHQXIpehXMcAPiPmipGSxwHnKFex,,
iron_man,35f05cd9-e69f-4a74-9e13-288290d41aac,"Rewatching Marvel, and this is hands down THE best superhero origin story ever made.",STAR_5,Louis B,LB,False,False,False,False,2025-05-08T13:20:53.230Z,,ePbiD3iQKIGmHK3fzKHWxs74twwc3XF1MFM8HYntKKcoPt8MtQGcROsmmcOGumdhQMsn1SzzcB5H2RFYvFWPfovudLHq9hpBh1AH6Qtwbs4X,,
iron_man,55463b3c-2cb7-432d-b60a-8c4ebb2f600e,"It's everything I expected from a movie. It has action, comedy, and sad moments.",STAR_4,Rubí Q,RQ,False,False,False,False,2025-04-30T19:14:56.772Z,,aO2SJbHQ5fm5tv2hVxHj6f8DfQQcV5Tz4C1GUaGsKKcJBtdpuQOhzRiNNcd2FaVcqXHMBtWWc4WhgahR4IewtNbhK9u93hJYIW8uvDFqkIVA,,
iron_man,51fcbae2-8365-491f-965e-f7a239df4687,"The first film of the MCU expertly ignites the franchise. Iron Man is a high-flying adventure elevated by Robert Downey, Jr.'s remarkable portrayal of Tony Stark. It's hard to forget Iron Man's inaugural flight and initial combat encounter. The soundtrack and visual effects heighten the sense of fun to a great degree.",STAR_5,tim s,TS,False,False,False,False,2025-04-30T13:46:55.670Z,,69DH29s50C4nhEzsYQHL9cejf33cX7hDMtAzIjnt22cWQt5jtOxh7RtmmcLdFV2H9QU3zFggcbWs7pu23tE9uK3iBACExF1VtE3FRVfpbFw7,,
iron_man,00a939ee-181f-45dc-910e-2e8132d03241,"A good addition to the MCU, considering heroes that are spotlighted, and one pinpointed villian Obadiah. From his times with his dad and Dr. Hank Pym, to his capture by an unknown enemy, to his production of his Mach Mark I prototype, and to present-day, back then 2008. This was a very good movie, consisting of action, romance, and sarcastic comedy genres with the stars Rob, Gwen, Terry, and Jeff.",STAR_5,Todd B,TB,False,False,False,False,2025-04-28T22:14:59.712Z,,xjQSvBt9XFXNHQGu7GSoMSLAiEEc3KsaEu4oIVjILLc6qtG3C6MFDeSjjcKNiK9FXqix1f22cgxswgC4BIk0HJVfQ0ukzF3JtYVhvniAKIXg,,
iron_man,19994a45-1cf1-46c7-ad18-1fe11c298a19,Great start to Ironman!,STAR_4,Nerd W,NW,False,False,False,False,2025-04-21T08:43:23.798Z,,69EU4PU5YI26IEjtY5t6Bfx1c33cXesW6uRasjAH22cWQt53sz0FVBCmmcOju8qI9mI3zFggcbLFPLi27H18H7AhBzIkQS1PuE6hR9FpVCw7,,
iron_man,fb263d8b-b351-48d5-bb80-54199c2dbf92,"One of my favourite films of all time, always love watching it. It's Robert Downeys prime and a perfect underscore to accompany it. The humour, script and placement of the film is brilliant. One of the best films the MCU has ever seen.",STAR_4_5,Jess S,JS,False,False,False,False,2025-04-20T18:07:28.646Z,,g58tRQS9NubQFPbCOBCPAF1Gc11cpkcqEuw4t2wU66cN6tMjI7xHVwUbbc49HJBTgDh4NU66c28fXWIdQHgbSNYF7eu8vhWzi05tJwi72fmq,,
iron_man,543c149d-4bef-4804-8d39-4cc7ae40565b,"The best modern marvel movie made, even still today. A true classic.",STAR_5,,RT,False,False,False,False,2025-04-18T22:18:28.666Z,,ngOcepHLxtYPsL6FAkc90sW5szzc3XFW7Hg8FoLf77cvAtO1FogCM1hbbcpLFjVSP0sM1heecW7hA5f8QCozuq4UmvinxFzvuqnHBguEMhDQ,,
iron_man,2f5703e6-36ec-4b60-b26c-fb26aeeae001,The perfect way to start the MCU.,STAR_5,James C,JC,False,False,False,False,2025-04-14T04:13:34.010Z,,BRWT8KsNjU1PSp9hwBc01cM5sggcwLfROI4wIjvF22caLtWKh6mFevsddcoJF02FkAfVJfJJcNehpwFqJF2GSYVcPDcJEtO9iOqUxjSjAIBY,,
iron_man,8831e897-3954-449d-899b-053e641cb7df,The truth is........ I am Iron Man,STAR_5,John  R,JR,False,False,False,False,2025-04-14T03:54:22.440Z,,mo7FakHJqUV7H60HJaI1eU6NUGGcRvto6CmKUNxUmmc5qt08S04hbKHzzcNAFMYiVkSwQh22cD9fmRCX2HRJIL7SvGh4jsz6f2RimAUkduge,,
iron_man,5032fbe8-8f59-4472-b624-da03d490c083,"RDJ is my goat, love this one",STAR_5,Jone L,JL,False,False,False,False,2025-04-12T14:39:04.359Z,,kAeTEGi3OcV7tMaT0eIOYsDBS11cAJSM6fX8Sg1fMMcPvtBwSYLcn6cOOcWEFxkFQbHJaf11c2gtMXHjpuqWsRpu1OFBPfvxs0qsYLhmRCwm,,
iron_man,26c37d49-01a9-408c-b5d7-58e9cc06e3aa,3.75 really. Stark is such an unlikeable character. Enjoyable enough though,STAR_4,Ian H,IH,False,False,False,False,2025-04-11T21:09:29.674Z,,aOqFxMiQ5fpLhndSVEsjQUWaTQQcdNhQEh15uNWSKKcJBtdwHdOczouNNcoPuv4U4khMgIWWcbWcg8uR6uzgiN6Ue9hgYu5MuW8uvQcqbSVQ,,
iron_man,8e86d46a-ab6d-464f-a63c-901662b2838e,This movie not only defines hard work but also heart work. RDJ as Ironman is the best thing in this movie.,STAR_5,,RT,False,False,False,False,2025-04-11T04:46:48.471Z,,5DAIb0heEIn3sj0um5tYvh0oTJJcWbhgdudYCYRFOOcN8tBauPYU74SWWcxBhpEFLBFWOuggcAWH9Gsgxuxpu9OIYahQ2CPzHgksa9Cdncpj,,
iron_man,7d566846-4a22-4a51-9915-635e3a4b91a8,"Iron Man is a great movie and very enjoyable! All the characters are pretty cool, and the story was surprisingly good. I wouldn't say this is my favorite Marvel movie, but I still found it pretty entertaining. Also, the villain was really good in my opinion. Overall, 9/10.",STAR_4_5,Aayan I,AI,False,False,False,False,2025-04-08T13:53:33.090Z,,PoOc1BCpBC8zUR2HeohnwtB8hppcg8IBdFKVFoNIbbcJdtq4c5OHRvuwwcpVFxkh16imncBBcgdCaxCYOC3Yhjgtz3HGJCB0FvwsgWuYOi5a,,
iron_man,249696de-bd34-4b94-b84e-01d16c0d5d1d,Que buena pelicula robert le da un toque genial a tony stark,STAR_5,UNiTE L,UL,False,False,False,False,2025-04-06T23:55:35.620Z,,oobc1esedIX2f0oSmvh4Ah5RFPPcaEIpLF13tWVummc7Xt15tVpUOvhYYcYKFvmugOiMYhbbcRpiLKCWni7MFLjIXYUpjhveFNei0BcEGUM6,,
iron_man,90ac9d9a-0af2-44f4-9442-a83993f11323,"What can I say, Iron Man is simply perfect! The acting is excellent, the cg is top notch and still looks good for the time, but most importantly the story is solid. Tony's redemption arch is one of the best I've seen in a film honestly. To see him change from the womanizing profit seeking narcissist he is at the beginning of the film to the selfless and heroic individual he becomes later is really touching. On top of all that, the movie is just plain fun! It's funny, it's got great action (even if the later mcu movies had better action sequences), and it was the perfect start to the Marvel Cinematic Universe",STAR_5,Ethaniel M,EM,False,False,False,False,2025-03-31T18:56:54.853Z,,1KqFx2F65ioEC06hd0uYOcbMFGGcKkF83hgwcN5tDDczotaehaohR5HLLcYmugbIXeIODuVVc5LIBxuxvUWMcvniwXUg7Up4uB2C4jhYVIvG,,
iron_man,9b02e804-0e1a-4429-bb47-3e9b4c224d12,"Robert Downey Jr. gives a charismatic performance in this smart, exciting superhero adventure.",STAR_4_5,jacob c,JC,False,False,False,False,2025-03-31T02:11:53.839Z,,eP8cXjuQ3fGztK3fzvhWbHM2uwwcDNSjMCMzUvjuKKcoPtYdFWmtRxhmmcREhmaiQ9hnQszzcV5FBOS2jHqvco1tdkuq9hYws14URbSwnFnO,,
iron_man,9ce3077b-7550-4a10-85d7-187a41f52b63,"This is a movie I wouldn’t have watched if it weren’t for my manager at work in the cinema—so first of all, thank you, Daniel!  

It’s an interesting, lighthearted, and funny movie—I highly recommend everyone to watch it!",STAR_4,Amir  S,AS,False,False,False,False,2025-03-29T14:36:39.172Z,,JzWhGatWwFPnf0DCkGu1msdWI77cPMhVKiB0h4WsNNcRetbQUM1HozHDDcPaFeQu5gF6Lt33cN4uvVCq4HwNh7ES6OSm5FQGUNqsPKIBVsqE,,
iron_man,25452a6e-d2b3-4873-ba14-a58c8f76b223,The start of the MCU with an absolute banger,STAR_5,diplomatis g,DG,False,False,False,False,2025-03-26T19:26:33.505Z,,EA5sKjfE3tnehRzfLGFjwtBMuaacvQsNDfnNhQktVVcQKtgaS9KtjVuzzc6OFKNcgqHD3uOOc1KIm5uGRILKuq7UMOh6PH63cqWC6XSo3F9J,,
iron_man,a8ca798b-396e-49fa-988e-973113f91063,Action packed and really fun,STAR_4_5,Oliver H,OH,False,False,False,False,2025-03-25T17:16:54.991Z,,69EU2EF5wf4eCEVfYwU68Ue8s33cXMFWxSAqHjou22cWQt5VSO3f7ohmmcOoF8Xf9mI3Yfggcb1h7bUoOuEWS7NsbDIkwU1OfEjFR7hp7uBa,,
iron_man,36b8d108-b584-42a1-86e1-3b9f23d45296,This was an awesome! Definitely one of the best superhero origin movies I've ever seen. I definitely recommend it!,STAR_5,Paul S,PS,False,False,False,False,2025-03-25T14:09:52.525Z,,mKAtGkHLquVQfGXhJDHq5FJ3FGGcYpCj4Uz3FN8Hmmc5qtYnUdzFbXUzzc06CkXuBOtwqU22cD9f5efXmsRVuMbhvwt49UzJFLYIvpckVC57,,
iron_man,454fdfc7-1236-4913-8e31-8b9993fe4159,"I have no expectations before i went to see this movie, but came out one of the best movies for me",STAR_5,Singh D,SD,False,False,False,False,2025-03-22T10:21:50.149Z,,8JOHVoF6GSephgVCJ1tg8Cq4I77coNHwvS3xuPRTxxcAKtG8f7PF9RsEEcnNFR1tbNhLOuQQcEXfgVf34FaLHpxFv0IeQh8Btx2HW6to3udx,,
iron_man,89e0efac-0409-485c-b125-e73b1fea7b01,"filme incrivel,mostra muito bem a origem do homem de fero.",STAR_4_5,Vitor Felipe A,VA,False,False,False,False,2025-03-21T23:31:17.463Z,,EAbhKRuERfnbURGhL8HjVsVGtaacvdtNKtzNc8AcVVcQKtgjt9OHdaszzc6OFKMCg5UDVfOOcWdFmESP5c9EIq9h3XU6NFB4UbWF6KFe2snJ,,
iron_man,a5dbecc6-5c06-4375-9e25-b8cb63c9c23a,This is not a movie it’s a IMAX experience,STAR_4,TYLER M,TM,False,False,False,False,2025-03-21T03:20:50.911Z,,XjRHDWUQDhXAfVOFARhp2UY6iVVcoRUM4IdbCMKSOOcNotoJtRWIvRseecdLFAnupmhzjt11cdDSPQUjGuaotpzIgpFq8FQqto5S7NtgaipA,,
iron_man,93b4404a-f8fb-41bf-8f63-caf63884cfd6,"This movie was the first MCU movie, and dang it delivered!!!",STAR_4_5,Joey G,JG,False,False,False,False,2025-03-20T12:10:47.422Z,,55ET4ote0SxEiaohoahYmFRntJJcWkfgBFMnunRhOOcN8t6oFPBs74SWWckEuOYu5WfWJIggcAgf10tgRFxwh62c0at7aSXqCG0hYJH98HNB,,
iron_man,2d9a1708-2ccf-4156-b1b5-59a64054d020,Awesome movie Jon Favreau ‘s greatest masterpiece before the mandalorian kick starting the mcu,STAR_5,Matthew H,MH,False,False,False,False,2025-03-18T03:24:57.280Z,,aOWUxbFQpsp6ivjcVEsLJCWDcQQcVvcQ3uqGfNPHKKcJBtdvUQPF0DhNNcopFaWi4OHMgIWWcbmig1sR1teDHNaFepF9AUJ2HWPh9GfeOFN1,,
iron_man,26c491d8-db6a-438e-9017-e877f6ad32f2,What’s not to love. We need more movies like this,STAR_5,Shane  O,SO,False,False,False,False,2025-03-16T22:45:37.740Z,,zjeId6F4zTnxFB0HxbFG7uvNFkkcaRt4RI8YsVYFPPcAxtj9i8WCVRuGGcEYtPDFO6up5S22c8bIjaf4oTQXhY6I1PfXdhNqFxgIp0i9EsNV,,
iron_man,f456de43-a6cd-4fc8-ae08-b833fa9ef726,One of my favorite movies,STAR_4_5,,RT,False,False,False,False,2025-03-05T01:55:49.864Z,,zR3TdXt4XcnqhBWsxzhGLHvWUkkcawuDNUKxUzLiPPcAxtj9i86hV7tGGcXqFgDFEeIpdF22cm2hj9F6xsDaCY0hoBcXdhNzfxGspKF9QhNV,,
iron_man,63f346d0-c422-410e-8360-8702f36cb8be,"Great start for the mcu, cool scenes and cool origin story the villain bye the way sucks",STAR_4,Diego B,DB,False,False,False,False,2025-03-01T22:32:27.290Z,,wkzFVjH8khaBhxvhYvtOeu4YtEEcpxhX8h70SVMU66cpVtW1UO8Ta9sLLckquM4UgMuADIPPcq0U3xtq2u9DFMjtoOi02UvWcBOhmAhxaUYv,,
iron_man,c6e79e9e-f3d1-435d-b04a-68cfb8682b3b,Iron Man needs no explanation! Go watch it for your self if you don't believe me.,STAR_5,Alex u,AU,False,False,False,False,2025-02-27T23:06:45.942Z,,2GncJqUQ5sYJu87upnF2viznuWWcjEh0GS78sxKiLLcBPtDAhPpuG9tvvc0gCYgH72sJKh44c39SMGSaXCepuwQhqWHLDFq0SKDhdOHEatqG,,
iron_man,0aa4f1ac-2db1-4ecc-9477-528180531e7b,4 words —> I am Iron Man.,STAR_4_5,Miller H,MH,False,False,False,False,2025-02-26T02:49:49.636Z,,NnVcoGUwRUEpHkatN2IMLc61feecnGsQmuRdI0jUYYcOatMof5zT91uqqc9mSBvFb4C1af99cKAh6DImXf07UVvhJ1SNRUopSmwUjpFWRF2M,,
iron_man,e445d443-96d2-4646-92cf-ca8d5455d71e,He is Iron Man homie,STAR_5,Enzo O,EO,False,False,False,False,2025-02-25T03:54:37.084Z,,wDPhVjH8pCaQFxKi2giOqtARsEEcpxhXOU4qfVOh66cpVtW3HO8TKAULLcGvFMVhg3sYvuPPcq0U3xtqeh9PcMDULxf0XfP4FQ1FPkhxoS5Q,,
iron_man,c75de600-69b9-43dd-bb4b-10ad2acbfa05,"Classic, it's pretty much the first Avengers movie. Stark is annoyingly narcissistic and I genuinely do not know how Pepper wrangled with him all these years.

I particularly enjoyed the build up of Stark in the middle east, and how he realizes his weapons are just that: weapons of war and mass destruction.",STAR_4,Leif R,LR,False,False,False,False,2025-02-24T22:58:35.414Z,,zj3hd8h4jCnAsBWsxzhEPSvNFkkcJkc4RIKeHz6hPPcAxtzMfe6hVjUGGcEwUPkuE2UJzs22c8bILau6MuDaCY0hoPuXjiNPhe2hVks97HNx,,
iron_man,2096d93e-95d6-4c6b-bba8-935b635d1202,"The first film that started the Marvel Cinematic Universe. A great film to start the MCU with RDJ as Tony Stark/Iron Man. He puts on a great performance as the titular character with the plot being good. Overall, this is a (8/10) film.",STAR_4,Kenney W,KW,False,False,False,False,2025-02-24T21:21:59.277Z,,RMJHmjcknFV4fNeHQzURLUj6C00cq5fE2skBhxGFvvc2qtBEFXxuL2SqqcQXhLmsO0tb7IYYc8xcqzu93FYBFPdc2Puv1F64UAQSQ7s6GhqW,,
iron_man,aa6cc589-4c6b-439a-8ad7-9ce82a42df44,"Really good movie, good mcu movie, 10/10 highly recommend",STAR_5,,RT,False,False,False,False,2025-02-24T00:41:44.197Z,,ngdueEsLxtO9UOYh0ES6esWdIzzcPoSWjfgJSWMc77cvAtODsBzUMoUbbcpLFjmFPqH8eHeecWYFY0u80hoNhqaHaOuQNFDaCqQtRvuakhDO,,
iron_man,ebcd59ea-aeeb-4ca9-af61-874cad891134,"A brilliant start to a brilliant MCU! Robert Downey Jr. completely revived his career with tact, wittiness and humor.",STAR_5,Ed R,ER,False,False,False,False,2025-02-22T18:44:16.056Z,,LjkuQDtj2hnoFaPhP0H7bf39SJJcBRInkHeXS1nFbbcwjtgNU1eSQMuMMcKnhWRsNOFJxCLLcRJIMGFjeiwzi5WhkLfjdt9XUaOfAjhJ4Spw,,
iron_man,e8f361e8-b165-41a0-8e28-3636936bf2f9,Now this is peak cinema. Iron man is a perfect example of how to do a movie right. The pacing is great the characters are even better and don't even get me started on the character development. amazing.,STAR_5,Jack N,JN,False,False,False,False,2025-02-19T15:33:19.736Z,,aOkfJmUQxtp6inBHVGhjQU8whQQcd5Fz4Cq5haWHKKcJBtBpiQNs0GINNcoPuvpfq9FMJHWWcbLugqt86czjhNQte1i9AU5MuxPu9DHq3sVQ,,
iron_man,1fa65afd-d94d-460c-b1c6-b48e5a5d44aa,I think this movie is a great start to the mcu,STAR_4,Luca G,LG,False,False,False,False,2025-02-15T22:54:32.608Z,,VKgfP7fDjhzXHR2hNQugotVqIAAcgGH7dunPtVRtjjcbetJLhbatWXHqqc2QFAVUYMsDbSEEcv3hQ0cgouL8spju9kF07IBehOghQpuAoc1w,,
iron_man,02f36bca-aa32-45d7-9ddb-bdc7b4ce4bc2,"The movie that started it all. Entertaining from start to finish, this movie created the blueprint for the right tone in the MCU. Fun, mostly light and funny, but able to have real weight and consequences and incredible action. Robert Downy junior was spot on. The movies only flaw was a great villain in Jeff Bridges that gets under-utilized and ultimately meets a flat end. A must watch for comic fans and anyone who loves action movies.",STAR_4_5,G K,GK,False,False,False,False,2025-02-15T22:24:14.930Z,,NjPFV2FwQt1NTkqUN1f51udkheecoMFQESe5I0auYYcOatM7S5zTo7Iqqc9mSBRCbzumkh99cXAF6jtWXu07ULDSNQu7vF85HmnSjOHWnS2M,,
iron_man,15f7a2d8-76ec-48f0-bd8d-d63b868af6ef,"Iron Man is not just a great superhero movie. It is the foundation of an entire cinematic movement. Even after all these years, it still holds up.

Robert Downey Jr.’s performance remains one of the best in the genre. He perfectly balances arrogance, charm, and vulnerability. The film’s themes of war profiteering and corporate responsibility feel just as relevant today. The action is still thrilling, especially in the first two acts. The only real weakness is Obadiah Stane, who works well enough but does not leave a lasting impression.

What makes Iron Man endure is its focus. It is a personal, character-driven story that does not feel like an extended trailer for sequels. It proves that the best superhero films start with compelling characters, not just spectacle. Looking back, this might be the last time Marvel made a film without knowing if the next one would exist. That uncertainty gave Iron Man a sense of weight that is missing from many of its successors.",STAR_4_5,Willard H,WH,False,False,False,False,2025-02-14T21:33:06.321Z,,MnwsdjuLju40iN0iGXSapFa8IwwcpzFNBf2xSKPFGGcEWtp9FgQseviEEcznFRxFmLh2GCKKcnBhMauBeT9ws4KtbpCm0F90UNwCKDi8Qtoq,,
iron_man,2c2796cb-fd6c-4a69-859b-47ae0e1b54c8,"Iron Man: 9.5/10

An excellent film which is a perfect start to the MCU you get a good idea for the character Tony Stark and how smart charismatic and witty he is while also being a playboy. It really is the perfect actor for the role, the movie also has a great story and the villain is excellent, he has a clear motive he wants to use the suit for war and profit while Tony wants to use the suit to save the world and help people. It has a great story which shows how Tony changed his perspective in regards to making weapons, it also shows how intelligent he is and how the origins of creating the suit came to be, it also showed how his whole perspective went from creating weapons to wanting to create a difference.",STAR_4_5,Jimmy M,JM,False,False,False,False,2025-02-14T06:52:05.333Z,,pkbSegHaGCVghkxf5aFzeCwnhKKcpnsjoFAOIk9ujjc19t70h3ms9zFggck6u7Pt83uzkHMMcQJFQzUqMugpIG8hKYi1NipjCjph37hY8hQ8,,
iron_man,b96d2f87-e99b-46ba-97a6-87a15d45b76b,The first MCU movie is still one of the best.,STAR_4_5,,RT,False,False,False,False,2025-02-12T17:23:20.485Z,,J9MFA6s29iP4HBAhkLfYPcdLS77cP6Fp4IkWi4VFNNcRetbMHN2s8zfDDck8FeqtAmujLF33cN7FgdfqPuozs75U6kIVLIQ5tNqs3WCBmtQx,,
iron_man,e2b53043-c586-42f6-9f79-057aabc39f1e,Iron Man is a truly legendary revolution in Marvel history.,STAR_4_5,,RT,False,False,False,False,2025-02-12T15:03:39.553Z,,kAbiN0u3Ocx6SzKs0MCxAFDnt11cAwfB2uXpuVNiMMcPvt62hdas0gSOOcWEF8RHQVtEqS11cLgHMXHjntqKtG9u1ghBnFv2u93szAsmNcEv,,
iron_man,13a986c9-b8bb-416b-9b81-df711ddee79c,"ONE of best superhero movies of all time, they got the character of Iron man, they knew what the people wanted and delivered",STAR_5,Eshaan O,EO,False,False,False,False,2025-02-01T13:33:13.348Z,,YJ0f4bTJMHJmI8DH7LUL8UO6HaacJxFA3tnMuY8hddcNetm5I7BhRwC22c5dh3PfPKs68tVVc4BF1jU3ahYGFVBim5Sn2FBxtBoudGf4au0G,,
iron_man,f1627cfc-6c62-4b6b-bbd0-788471d27ee5,"RDJ's entertaining lead performance, fantastic dialogue, and memorable moments make this a really strong start to the MCU - even if the third act falls a bit short.",STAR_4,Henry S,HS,False,False,False,False,2025-01-21T22:16:21.490Z,,1KDfYES6Qhg3HgVFd0uP7Ib4tGGcKpu6OS4nfNbUDDczotp4ta9F3vTLLcb7FgQsX2tOeCVVcg6sBQHRpCWvFLKfwAFgBfp4uBEu4PU4ECvR,,
iron_man,a9b09469-2302-4518-b5b9-55a910a9434a,"PEAK Movie, The first Iron Man movie is the GOAT. 🤯🔥 And The beginning of a (used to be) Legacy",STAR_5,Jorge R,JR,False,False,False,False,2025-01-16T13:57:26.878Z,,wkGsPztbwSaBhM9fYOHV6TA7HEEcpjiPqI4AtEYT66cpVtWAfvdta3SLLcGPhM5IWxiYvuPPcqvu3guqjS9BiMNfL9t8Xfv1uBkFmYFxaUY8,,
iron_man,73f5695c-0ab0-4799-aff9-7607f5132916,Amazing Start To An Amazing Universe That Saved RDJs Career Great Movie,STAR_5,Bentley P,BP,False,False,False,False,2025-01-11T02:36:39.116Z,,bW1tJqfzAu0NCoGF20iVpH9NuBBck1HYvc3KuE2tLLcJpt0aUgNFNLIxxc3WuDzUaLi3qSPPcE3U5PILehL6IwYu9AfVQCNjCXjioXhD2uxm,,
iron_man,5bb36bd4-af8b-44f5-9579-3ce573fd9a97,"Iron Man is a very enjoyable and satisfying movie with a hell of a cast.

The dialogues are my favourite part of the writing. I loved when a character said something and we saw the opposite of that on screen. The characters are enjoyable, but after a while the movie doesn't just use Tony Stark as its protagonist, but tries make audience forget that he is not a good person. The story is quite satisfying, the antagonist is a flat character, but he is also hateable.

The directing is quite good, I noticed Jon Favreau used the same lighting in the cave scenes similarly in The Mandalorian. The cinematography is also pretty good, nothing too fancy, just engaging. The editing is simple, but the pacing is really good. The acting is great, while the casting is perfect. Although I'm curious what Tom Cruise would've done with the character.

Iron Man is funny, satisfying and perfectly-cast. It's a great start to the Marvel Cinematic Universe.",STAR_4,Mate P,MP,False,False,False,False,2025-01-07T21:04:39.963Z,,PoYC1BCp9cJNSRQFejSGxtBXuppcg5FBnsaoIoVHbbcJdtqmF5XsR7twwcpPuo8I1NCGKuBBcgdCLYsYOC3vUjYIA3iPBhBvCvXSgBFYWc5B,,
iron_man,62c32f3a-4149-4092-ab22-408a6de5b9f9,"Robert downey jr é um ator da porraaaaa, sempre que o tony stark ta na cena da vontade de ver mais e mais e mais",STAR_4_5,,RT,False,False,False,False,2025-01-06T17:48:47.157Z,,0DxsBjIkRheYhmoS4jIzKS0VT33cz0s42FaJfO9Feecq3tEgIw5F8wtwwcmDuj4s80UkXtxxcpKSBRFOQc1JtxeFMNUBeto5FwpubKiqvh9j,,
iron_man,66a46a75-f294-49dd-8355-6ecbade503ac,"The perfect beginning to the MCU, and the perfect hero we needed to kick it off. Robert Downey Jr. becomes the first MCU superhero as he steps into the role of a rich, head-of-weapons-manufacturing, playboy Tony Stark. As he tries secure the legacy of Stark Industries by taking it into a new direction with new enemies loathing this decision. With Robert Downey Jr., Terrence Howard, Jon Favreau, and Gwyneth Paltrow, this cast is star-studded already going into a new fame for each name. Iron Man secures his legacy here in both the future of the MCU movies and his own self.",STAR_5,Samuel W,SW,False,False,False,False,2025-01-01T20:01:27.762Z,,BM6S80FNRu1QFzqCojsnASM4fggcVRcRgsQaS9xi22caLtWQS6zh9muddc48hNeubAuVjFJJcNkURAFqLUXmIJpuPLC28S86SOqUNAujdUBb,,
iron_man,b515db36-3117-47fe-ab4a-6498afcee825,"The start of a great legacy, this film is iconic and memorable. The characters remain memorable and effective, with humor and seriousness mixed together very well. The cgi is great most of the time, but some of it is hidden in shadows, making it difficult to see some key moments. Apart from that, this is a fantastic superhero movie.",STAR_4_5,James E,JE,False,False,False,False,2024-12-31T20:54:43.018Z,,EAqUK1FE3toaiR8FL7tjgfBDhaacvAfo5fzpFQAuVVcQKtgOF6otdRhzzc6OFKMCgKID3uOOc1dHmRhP2u90sgQC3ns6VIBnIbWFeohenS9E,,
iron_man,eaa37fc9-a3e3-46ff-8dcf-f6ef1ea359d9,"Amazing actor, nice story. Just an awesome film.",STAR_4_5,Karin S,KS,False,False,False,False,2024-12-28T20:19:57.578Z,,p5eceQhaGC1gIk8H5Xuz6hwgsKKceXiqwUAEFkXfjjc19t7Du6Bf9PSggcwPF7Efq4F95UMMcQghgAFqWcgLFG2sdVs3xsREUjMF3AC9jFQ0,,
iron_man,8c8fc3ec-2b87-440b-917a-ee233d8d48cb,A great start of the MCU Robert Downey JR is a great casting for Tony Stark.,STAR_4,Kári Leó Ó,KO,False,False,False,False,2024-12-27T22:52:04.828Z,,9ancVDFdmh76ud9uQjfKDTXbInnc3Bs6YtwgHN4HeecY2tEQIKOt1WUQQcWPFK1cvDImgFYYcAjsdOFKGhqLHoXf49Uk8cBRC7MH1wTMjiA1,,
iron_man,3b79387d-b430-4c4f-bcf0-db78d889ed4b,"What a great start!! 
A fitting movie to start the MCU!! 
Iron Man's origin is depicted beautifully, it's a really good movie!! 
I was very surprised by Obadiah's betrayal and the appearance of Nick Feely!! 
It's a really fun movie!!",STAR_5,SHUMA Y,SY,False,False,False,False,2024-12-25T08:20:02.796Z,,VKosznhDjhzRuw2hNoFg1HVqIAAcgvSzPiLQHgPhjjcbetJRfbWsWesqqc2QFoDuYPIK2IEEcvmf90hn2FLbIpecAOI0jFv6FpPSVEuAjhjg,,
iron_man,732a8174-d0dd-45d1-9be0-246b0482f43a,Loved it  I miss this kind of Marvel movies,STAR_5,Brayden G,BG,False,False,False,False,2024-12-23T17:24:04.748Z,,8aBFVqSo0heEIgOFJxFgohqPf77codswxs3bFGnIxxcAKtGBhkPuDwFEEcnbupji34CLJFQQcEXfwAF3qha1upgcv4soAu8EFx9FWpIobSdW,,
iron_man,e3abe914-9b1f-4c7d-8e00-e6df2460d967,Usually love war movies and super heros but this movies is so empty the only feeling i got from it was the need to sleep. One of the worst cheasy amircan war propaghanda movies i have seen so far...,STAR_1_5,Marc-André V,MV,False,False,False,False,2024-12-21T18:54:38.157Z,,vgkIqNFo9FKzsv9hJOSGgfKXcQQcekuqLC5KsEPuggcjDt9aFpNhVPCnncR2hbBcdXF9EIeecOvuNoIe3fkbhJLSp1FAECPJupMFxEhPzuez,,
iron_man,7c6f6162-ae15-4579-b545-ce84ba2aa71b,Amazing movie robert fits soo good,STAR_5,Obi-wan K,OK,False,False,False,False,2024-12-14T15:39:29.586Z,,49DfGYu7OFD3CA6hqnFg8hN5CoocBNhAxSWLF2oINNc13tD2ujzF5MSNNcYguNYhb0t8NS66cK3UYkh2xHW2FNBuwoijoC6Vh4ouNot74t9a,,
iron_man,513306ba-e05a-4e62-a87a-9f81293fa3ad,"The demonization of Muslims is not okay, even for 2008. It sets back the film a lot, though it's otherwise enjoyable.",STAR_1_5,,RT,False,False,False,False,2024-12-14T07:52:44.284Z,,LnMUnjcJbHnoFw9FDMhDeS39SJJcBksn3heXSMDHbbcwjtgxhW8IQMuMMcBbueaiw8cjQhLLcKoC9RFjguwWF5dUkLfjkF5NupQiABubpCon,,
iron_man,78b8e8fa-d100-4f7b-a54c-a4e9f9e95c1a,Still the best live action Marvel movie.,STAR_5,,RT,False,False,False,False,2024-12-12T17:51:42.086Z,,VK2tP6ID2Sz4IwzUvoCQwtVKuAAcgpU7QtL6uV0IjjcbetqLcJvUd3uqqc7jhA5IkNCD3UEEcvzH9VFnofG1iPQt9aIG9uBYTpDIVEuAOCj0,,
iron_man,75a6c787-84cb-4129-bf8e-53a9be5665b4,"Iron Man is different from other superhero movies.
The first 30 minutes are amazing because it's different from what most people expect.
Tony Stark is well developed, showing that unlike other heroes, he is a powerful billionaire.
The story is interesting, the villain has his strengths and weaknesses but he's still good.
Furthermore, the film has moments of humor at the right time.
It's worth spending 2 hours watching this Marvel masterpiece.",STAR_5,Daniel Henrique M,DM,False,False,False,False,2024-12-11T01:01:12.647Z,,DaAIO9I10hWGsADhGxsB1S0kCzzcPwhRAtnqFXohPPcOztm5ud6hAKIzzc4NFaosLXtRdc22cDzULKCReHw5t5WFWRuoxfMph6LCKxuPkF6N,,
iron_man,64e633ef-f514-498f-938b-e78ba429adfe,I love Iron Man 3000!,STAR_5,Jared C,JC,False,False,False,False,2024-12-10T07:09:49.059Z,,BMYf8vF6EC14hp6IwaFn1uMKHggcVoiRzhQAsjnU22caLtWwf6PI9muddc48hNeukDt1WuJJcN2IpkiqWIXmIYVcPDc2LT8oseDCxvtjwtBv,,
iron_man,cef27932-a336-480c-9349-b6bdfaab2f49,I liked when he said MAXIMUM PULSE,STAR_5,Ryan U,RU,False,False,False,False,2024-12-10T05:27:04.106Z,,LnkfnYCj2hn2HwKiDMh7bf6XUJJcBntnLIeEIMPSbbcwjt4wTW8IQVtMMcKwFW8uNmsjQhLLcK5h9ehjBFv7I5mSketxkC5xtaDuzqFbpCom,,
iron_man,2bbdeabd-e10a-487f-826d-c7409b966d9a,Robert Downey Jr. cements himself as the face of the MCU with a grounded and rich storyline that sees Tony Stark change into Iron Man. They don’t makes superhero films like this anymore.,STAR_5,PJ T,PT,False,False,False,False,2024-12-06T22:50:45.143Z,,Q1YCv9t5ehL0sanuedhY7I2VfMMcYRcdWHJKF6vfYYckvt9YuMoUL9tmmcWVhq3ibgCkdiWWcMWFv1t0nUL6toMUJMsdBU1LIQKfMmtjAC5P,,
iron_man,93b03c73-f349-4dac-b837-e79a986f29be,It's a very enjoyable film it's worth a watch story wise not that great,STAR_3_5,Brandon D,BD,False,False,False,False,2024-11-29T22:24:24.664Z,,zjGtkNu4EhnGH70fx3UGktvmukkcawuD3IKxUVDfPPcAxtzPt86h0OTGGcXzhgnUEvHpWf22c8oHjVt4MIDxcY0hoWhXpFBqce2hVxt9EsNK,,
iron_man,9d629ecb-05cf-490a-a679-2718de4b1db0,One of the best films in the MCU .,STAR_5,Professional D,PD,False,False,False,False,2024-11-29T13:32:19.957Z,,498IqNS7QUYQtnWiWNug8hNGcoocB5IKaIW4c24HNNc13tEvujVh5esNNcYvFNYhwOhDjS66c2eHp7i4zSWAINBuYbsPoF6qHvohN9H7jSPK,,
iron_man,78a409d5-4889-4409-a03e-82cf3c54f1ce,Peak cinema. This is how you make a grounded superhero movie. Watching Tony Stark change through the film really makes you happy for him when he succeeds. Watching him rise to the top after being at the bottom is quite rewarding for the audience. RDJ's acting is also stellar and he truly embodies the essence of Tony Stark. The practical effects are costume design is also really good!,STAR_5,,RT,False,False,False,False,2024-11-26T20:10:23.500Z,,pkdFLXUabFVYHkoUQpI0KswLUKKcePcj9Cw0F7YTjjc19t4bh6qS8DhggckzF7YHqAczkHMMcp7UgEhJKIgjfGwFdRh1jSR4s61tn7uYWF6j,,
iron_man,15d6246e-6d10-4c8b-a3c2-56cbd1f10b15,Good movie. The best in the Iron man line.,STAR_4,William B,WB,False,False,False,False,2024-11-23T23:13:49.393Z,,g5RcWKfdxcPqf3QHOpc6EtpvU11cDJUkduJPC2JH66cN6tdouwxfVDhbbc40uJNSgaH1bu66c9bhvBFdgtgpfNvU71F8Ps6Gh04fW7Uq9h2V,,
iron_man,6bf0dea9-2fdc-4b16-ac93-ea77327f975b,"Ive seen this many times but it still remains a compelling story with a very entertaining lead character who has some nice development while staying charming and humorous. not quite as good as i remember, but it is very solid. 8.5/10",STAR_4_5,,RT,False,False,False,False,2024-11-23T05:02:59.734Z,,PoOcALSpxiJbIRmIepUGMUEYSppcgwsBnsKxfoOFbbcJdtqmF5AhR4fwwcpVFxwC1NCGKuBBcgdCL3fYEu3wFj5UzkhPMt7xt9jUgoSYOijX,,
iron_man,a5015184-8c77-4e30-89ef-0144af3e6102,"🍅 8.3/10


I don’t love it as much as I used to, (not to say I’ve lost my love for it. I still do) but I have to admit this movie makes me smile Robert Downey Jr is perfect (we all know that). but just revisiting this film it just reminds me how much I love him. and even how different these films were. we’ve come so far.",STAR_4,Gorptholemew  T,GT,False,False,False,False,2024-11-21T19:06:30.462Z,,1KDfx2F6YCozh0vSYPuYeIb8SGGcKpu8bsgRF0otDDczotpVIa9FRGuLLcYOFgBUX2tOeCVVcg4hOPcxPSaAuLzFwbug0Ip4ugVh4jhYwUvX,,
iron_man,30d2ca9a-8479-45af-93ac-da90ff0bc865,It's so good that it kickstart the most successful movie franchise in history.,STAR_5,Joshua T,JT,False,False,False,False,2024-11-20T11:27:48.610Z,,EWwhKdUEPHnbUYzfLGF3KuVMFaacvRFN5UnqtQoSVVcQKt4WC62Fd0IzzcQDFKMCgESKYTOOc1zFmRhPQC9EIqjfMdc6VIB4UqJu67hoBh9J,,
iron_man,bad7de86-800f-4032-81b0-4663752554d7,"Excellent movie, and it feels even better once you think this was first marvel studios actual movie and that it was pioneer in cinematographic universe concept.",STAR_4_5,Juan Camilo B,JB,False,False,False,False,2024-11-20T03:06:33.081Z,,BM6S8wSNkh14hp7Uopf01cp7iggcwbFRbuQwH9GF22caLtWaI6gUeofddcoJF0OukDtVYsJJcN2IpkiqJFXwSJ8FB7SJkSOaCejcxjS8btB2,,
iron_man,5d231643-4956-45c3-9b51-09c2bae6161e,"Direção: Bom
Atuação: Ok
Roteiro: Bom
Caracterização: Ok
Soundtrack: Bom",STAR_4,Wendel L,WL,False,False,False,False,2024-11-18T02:03:43.228Z,,g58tW2HdjFP7I3Rf2oI6OfpPf11cpkcqdhwQI2kF66cN6tM8FwMHMDIbbc49Hxmtgzf1WU66c9QSXWI1PtgvFN6H4Au8bSWNF0LsW0h7pt2b,,
iron_man,2c6b72e9-5a6f-4dc3-9b67-afea8c8047c1,amazing orgin story...very classic 7/10,STAR_3_5,Riad I,RI,False,False,False,False,2024-11-13T20:05:34.554Z,,1KYUxJu69FgeUgBCY0fPxFb0hGGcbkH8Au47tNYfDDczotpVIaMu3BiLLcbBhgOFXwFjPSVVcgLHBeIRNca0SvkFxgugphp4ugosEvhYesvV,,
iron_man,fb383b37-29ab-4e3c-a2e6-876df5c00a01,"I give it a four just because, I do like this movie but the villains were so lame in this movie bro.",STAR_4,christopher F,CF,False,False,False,False,2024-11-11T03:34:46.897Z,,49gFG4fvpiYkfA7UW6fQ0h1jFoocXACKxfdbuOesNNc13tDKU18sG7fNNcwGFNYhw6FDNF66c2LFYXI2xHWjsNqSYzfPVI7qfvziNeF74tPm,,
iron_man,a74e3af1-c19d-470e-bef4-d860fc693974,"For me, this was easily the best stand alone MCU movie of all time. It introduced the world to the MCU, and what a way to do it! RDJ is absolutely amazing in this film and so is all the other characters. If your looking for a movie with heavy action, iron man 3 is better but in terms of story this is miles ahead. Must watch, even if you don't like MCU movies.",STAR_5,Cody M,CM,False,False,False,False,2024-11-09T13:29:55.504Z,,xjkUvwf94UXnsQGudzCo8FL5TEEc30uaqI4pFmAFLLc6qt8zHonUDeSjjcgRhKLfXAux1f22cjDF7ofgDtbJCJnsMGSwQSezhYMFvniO9F1D,,
iron_man,151e5ec4-5be2-4f86-aea3-9caf79a7248e,Phenomenal on so many levels and in so many ways.,STAR_5,Kevin R,KR,False,False,False,False,2024-11-07T02:34:32.387Z,,EADSKEskPFnbUYMtgEhjYUBjHaacvRFoQhn0u8WhVVcQKt4Ls6eSjVuzzcQDFKMCgqHDOSOOcWniaXFGzu9jug9c32I6YfBbsbKS6BtogcnR,,
iron_man,465f766c-6b00-4217-9256-18798298c16d,This movie is absolutely spectacular. It’s still shocks me that it came out in ‘08! This is the perfect tragic marvel origin story that would sizzle out of the depths in the infinity saga. Robert Downey jr is such a phenomenal actor. He is iron man. There’s no doubt about it. When I think of him I think of iron man. Because he acts him out so well. He’s cocky a little bit of a drunk but an all around great guy trying to overcome feelings of his father. 10/10 marvel origin as per usual.,STAR_5,,RT,False,False,False,False,2024-11-05T02:08:57.703Z,,BMes8dt6Rh1QFz0hoEInbhMYFggcwOSRgsQ7U93T22caLtd1heVF9muddcoKu0VIkXsVJfJJcNGtRdI4Bt2LfJ8FPYuJkS8XUO3Hxvt8RHBj,,
iron_man,c2a5ae94-51c5-43bf-b8e3-87a4517dd7df,"Rewatching this after many years the contrast between it and modern day Marvel is painfully apparent. Engaging storytelling, a character arc, less bloated and fake looking effects- it's a great superhero film.",STAR_4,Andy B,AB,False,False,False,False,2024-11-04T18:31:08.608Z,,YJNULbFQ4CE0U82u7LUzkcOwFaacd7FYPu56uYmhddcNetmRfaRURwC22cQWudQhPBfK8FVVc42InaF30UYKuW8sLOCnehBnFBxhdAFRah0G,,
iron_man,20f3a9b0-dcf1-4009-b8b1-d6f6c63597c4,It’s pretty good I like iron man the story is good Rdj performance was good overall it’s a good first movie,STAR_3,Cameron G,CG,False,False,False,False,2024-10-31T00:20:14.895Z,,YJwH4OiQ4CJ6U8DHvNiLOuOXuaacJ7HYDF5khY8hddcNetmgta4HRju22cQWud5cR9i6WfVVc49UnVhjacYNsWoUmOFWduBjI8AtdoIR9u0E,,
iron_man,a726992f-2996-4655-8163-deb87cb89a3d,"I really liked Iron Man! As an engineer, I feel inspired by Tony Stark, his creativity, and his bold personality. I also enjoy his character a lot. This movie put Marvel back on top and started an amazing series of superhero films. It’s a great movie for any Marvel fan!",STAR_5,D A,DA,False,False,False,False,2024-10-30T22:47:51.175Z,,KjBF4LCBWsontW9hNGimbF26IddcbQhxVu5wsjqhxxcj4tBmIQGFVeheecPbFQ3IQmuBJHYYcnQhGaHB6s7Ksn6UanuoBUWXFaeha3CBKI0g,,
